,Status,Number_of_Properties,Consent,Minor Variance,Official Plan Rezoning,Site Plan Application,Secondary_Plan,Average_Income,Etobicoke York Community Council,North York Community Council,Scarborough Community Council,Toronto and East York Community Council
0,1,0,0,0,1,0,0,64140,1,0,0,0
1,1,0,0,0,0,1,0,112766,0,0,0,1
2,1,0,1,0,0,0,0,52787,1,0,0,0
3,1,0,0,1,0,0,0,42516,0,1,0,0
4,1,0,0,0,0,1,1,67757,0,1,0,0
5,1,0,0,1,0,0,1,85340,0,1,0,0
6,1,1,0,0,0,1,0,65274,0,0,0,1
7,0,0,0,0,1,0,1,30878,0,0,1,0
8,0,0,0,1,0,0,0,47709,1,0,0,0
9,0,0,0,1,0,0,1,85340,0,1,0,0
11,0,0,0,1,0,0,0,31771,1,0,0,0
12,0,0,1,1,0,0,0,308010,0,1,0,0
13,0,0,0,1,0,0,0,52787,1,0,0,0
14,1,0,0,1,0,0,0,48134,0,1,0,0
15,1,0,1,0,0,0,0,31825,0,0,1,0
16,0,0,0,1,0,0,0,44718,0,0,1,0
17,1,1,0,0,0,1,0,63012,0,0,0,1
18,1,1,0,0,0,1,1,45936,0,1,0,0
19,0,0,0,1,0,0,0,112766,0,0,0,1
20,1,0,1,0,0,0,0,28875,0,1,0,0
21,0,0,0,0,1,0,1,52787,1,0,0,0
22,1,1,0,0,1,0,0,112766,0,0,0,1
23,1,0,0,0,0,1,0,47709,1,0,0,0
24,0,0,0,1,0,0,0,47384,1,0,0,0
25,1,0,1,0,0,0,0,45212,0,1,0,0
26,0,0,0,1,0,0,0,54460,0,0,0,1
27,1,0,0,1,0,0,0,33323,0,0,1,0
28,1,1,0,0,0,1,0,92580,0,0,0,1
29,0,0,0,1,0,0,0,47384,1,0,0,0
30,1,0,0,0,0,1,1,57039,0,0,0,1
31,1,0,1,0,0,0,0,54438,1,0,0,0
32,1,1,0,0,1,1,0,49709,0,0,0,1
33,1,0,1,0,0,0,0,42516,0,1,0,0
34,1,0,1,0,0,0,0,47709,1,0,0,0
35,0,1,0,0,1,0,0,54324,0,0,0,1
36,1,0,1,0,0,0,1,58915,0,0,0,1
37,0,0,0,1,0,0,0,123077,0,1,0,0
38,1,0,0,0,0,1,0,33256,0,0,1,0
39,1,1,0,1,0,0,0,125564,0,1,0,0
40,1,1,0,0,0,1,0,55199,0,0,0,1
41,0,0,0,1,0,0,0,64140,1,0,0,0
42,1,1,1,0,0,0,0,47384,1,0,0,0
43,1,0,0,0,0,1,0,48511,0,0,0,1
44,0,1,0,0,1,0,1,45326,0,1,0,0
45,1,0,1,0,0,0,0,72371,0,1,0,0
46,0,0,0,1,0,0,0,71204,0,0,0,1
47,1,0,0,1,0,0,0,34768,0,1,0,0
48,0,0,0,1,0,0,0,44718,0,0,1,0
49,0,0,0,1,0,0,0,308010,0,1,0,0
50,1,0,1,0,0,0,0,39556,0,0,1,0
52,1,0,0,1,0,0,0,44576,0,1,0,0
53,0,0,0,1,0,0,0,111730,0,1,0,0
54,1,1,0,0,0,1,0,36232,0,0,1,0
55,0,0,0,1,0,0,1,85340,0,1,0,0
56,1,1,1,0,0,0,0,28085,0,0,1,0
57,1,0,1,0,0,0,0,34059,1,0,0,0
58,1,0,1,0,0,0,0,34059,1,0,0,0
59,0,1,0,1,0,0,0,52787,1,0,0,0
60,0,0,0,1,0,0,0,51181,0,1,0,0
61,0,0,0,1,0,0,0,47384,1,0,0,0
62,0,0,0,1,0,0,0,50694,0,0,0,1
63,1,0,1,0,0,0,0,32483,1,0,0,0
64,1,0,0,0,0,1,0,165047,0,0,0,1
65,1,0,0,0,0,1,1,72371,0,1,0,0
66,1,0,0,0,0,1,0,30731,1,0,0,0
67,1,0,0,0,0,1,1,29958,1,0,0,0
68,0,1,0,0,1,0,0,52787,1,0,0,0
69,0,0,0,1,0,0,0,112766,0,0,0,1
70,1,0,0,1,0,0,0,65274,0,0,0,1
71,1,0,0,0,0,1,0,30827,1,0,0,0
72,0,0,1,1,0,0,0,92580,0,0,0,1
73,0,0,1,1,0,0,0,92580,0,0,0,1
74,0,1,0,0,1,0,1,57039,0,1,0,0
75,1,0,0,1,0,0,0,37422,0,0,0,1
76,0,1,0,0,1,0,0,35047,0,0,1,0
77,0,0,0,1,0,0,0,46206,0,0,0,1
78,0,0,0,1,0,0,0,31771,1,0,0,0
79,1,0,1,0,0,0,0,52787,1,0,0,0
80,1,0,0,1,0,0,0,44576,0,1,0,0
81,0,0,0,1,0,0,0,44576,0,1,0,0
82,1,0,1,0,0,0,0,72371,0,1,0,0
83,1,1,0,0,1,0,0,37422,0,0,0,1
84,0,0,0,1,0,0,0,44718,0,0,1,0
85,1,1,1,0,0,0,0,64140,1,0,0,0
86,0,0,0,1,0,0,0,35112,0,0,0,1
87,1,0,1,0,0,0,0,123077,0,1,0,0
88,1,0,0,1,0,0,0,37379,0,1,0,0
89,0,0,1,1,0,0,0,43907,0,0,0,1
91,0,0,0,1,0,0,0,204521,0,0,0,1
92,0,0,0,1,0,0,0,47384,1,0,0,0
93,0,0,0,1,0,0,0,47384,1,0,0,0
94,1,0,0,0,0,1,0,32997,1,0,0,0
95,1,0,1,0,0,0,0,30827,1,0,0,0
96,1,0,0,0,0,1,0,125564,0,1,0,0
97,1,1,1,0,0,0,0,44101,1,0,0,0
98,0,0,0,1,0,0,0,169203,0,1,0,0
99,1,1,1,0,0,0,1,45326,0,1,0,0
100,1,1,1,0,0,0,0,31771,1,0,0,0
101,1,0,0,0,0,1,0,36232,0,0,1,0
102,0,0,0,1,0,0,0,144642,1,0,0,0
103,1,0,1,1,0,0,0,123077,0,1,0,0
104,0,0,1,1,0,0,0,64140,1,0,0,0
105,1,1,0,0,0,1,1,70600,0,0,0,1
107,1,0,0,1,0,0,0,29958,0,1,0,0
108,0,1,0,0,1,0,0,64140,1,0,0,0
109,1,1,1,0,0,0,1,45326,0,1,0,0
110,0,0,0,1,0,0,1,85340,0,1,0,0
111,1,1,0,0,0,1,0,53583,0,0,0,1
112,0,0,1,1,0,0,0,52035,0,1,0,0
113,0,1,0,0,1,0,0,112766,0,0,0,1
114,0,0,0,1,0,0,0,58915,0,0,0,1
115,0,1,0,0,1,0,0,44101,1,0,0,0
116,1,1,0,0,1,0,1,70600,0,0,0,1
117,1,0,1,0,0,0,0,39556,0,0,1,0
118,0,0,0,1,0,0,0,47384,1,0,0,0
119,1,0,0,1,0,0,0,53803,0,0,0,1
120,1,0,0,1,0,0,0,54360,0,0,1,0
121,1,0,1,0,0,0,0,34768,0,1,0,0
122,1,0,0,1,0,0,0,34200,0,0,1,0
123,1,0,1,0,0,1,0,36359,0,1,0,0
124,0,1,0,0,1,0,0,35047,0,0,1,0
125,1,0,0,1,0,0,0,44576,0,1,0,0
126,1,1,0,0,0,1,0,52035,0,1,0,0
127,1,0,0,1,0,0,0,144642,1,0,0,0
128,1,0,0,1,0,0,0,45212,0,1,0,0
129,1,0,0,1,0,0,0,92580,0,0,0,1
130,1,0,1,1,0,0,1,85340,0,1,0,0
131,1,0,0,1,0,0,0,207903,0,0,0,1
132,1,0,0,1,0,0,0,65274,0,0,0,1
133,1,0,0,1,0,0,0,38527,0,1,0,0
134,1,0,0,1,0,0,0,30878,0,0,1,0
135,0,0,0,1,0,0,0,54438,1,0,0,0
136,1,0,0,1,0,0,0,54360,0,0,1,0
137,1,0,1,1,0,0,0,26793,0,0,1,0
138,1,0,1,1,0,0,0,26793,0,0,1,0
139,0,1,0,0,0,1,1,34904,0,1,0,0
140,1,0,0,1,0,0,0,100516,0,1,0,0
141,1,0,0,1,0,0,0,44101,1,0,0,0
142,0,0,0,1,0,0,0,165047,0,0,0,1
142,0,0,0,1,0,0,0,165047,0,0,0,1
143,1,0,1,0,0,0,0,111730,0,1,0,0
144,1,0,0,1,0,0,0,125564,0,1,0,0
145,1,0,1,0,0,0,0,47384,1,0,0,0
146,1,1,1,0,0,0,0,46206,0,0,0,1
147,1,0,1,1,0,0,0,52787,1,0,0,0
148,1,1,0,0,0,1,0,52787,1,0,0,0
149,1,0,0,0,0,1,0,101551,1,0,0,0
150,0,1,0,0,1,0,0,34168,0,1,0,0
152,1,0,1,0,0,0,0,33316,1,0,0,0
153,1,0,0,1,0,0,0,125564,0,1,0,0
154,0,1,0,0,1,0,0,44718,0,0,1,0
155,0,1,0,0,1,0,0,101551,1,0,0,0
156,1,1,0,0,0,1,0,38527,0,1,0,0
157,1,0,1,0,0,0,0,31771,1,0,0,0
158,1,0,0,0,0,1,0,41717,0,0,0,1
159,1,0,0,0,1,0,0,33256,0,0,1,0
160,1,1,0,0,1,0,1,114174,0,0,0,1
161,1,0,1,1,0,0,0,123077,0,1,0,0
162,1,0,0,1,0,0,1,48134,0,1,0,0
163,0,1,0,0,1,0,1,45326,0,1,0,0
164,1,1,0,0,1,0,1,58915,0,0,0,1
165,0,0,0,0,1,0,0,56526,0,0,0,1
166,1,1,0,0,0,1,0,34768,0,1,0,0
167,1,0,0,1,0,0,0,52035,0,1,0,0
168,1,0,0,1,0,0,0,100516,0,1,0,0
169,1,0,1,0,0,0,0,39803,0,0,0,1
170,1,0,1,0,0,0,0,44101,1,0,0,0
171,1,0,0,0,0,1,0,39740,0,0,0,1
172,1,0,0,0,0,1,0,64140,1,0,0,0
173,0,1,0,0,1,0,0,54324,0,0,0,1
174,1,0,0,1,0,0,0,45936,0,1,0,0
175,1,1,0,0,0,1,0,32648,0,0,0,1
176,1,1,0,0,1,0,0,28875,0,1,0,0
177,0,0,0,1,0,0,0,50757,0,0,0,1
178,1,0,1,0,0,0,0,54360,0,0,1,0
179,0,0,0,1,0,0,0,92580,0,0,0,1
180,0,0,0,1,0,0,0,47709,1,0,0,0
181,1,0,0,0,0,1,1,89330,0,1,0,0
182,1,1,1,0,0,0,0,34059,1,0,0,0
183,1,0,0,1,0,0,1,85340,0,1,0,0
184,0,0,0,0,1,0,0,112766,0,0,0,1
185,0,0,0,1,0,0,1,72371,0,1,0,0
186,1,1,1,0,0,0,0,54360,0,0,1,0
187,1,0,0,0,1,0,0,31826,0,0,1,0
188,0,0,0,1,0,0,0,123077,0,1,0,0
189,1,0,0,0,1,0,0,26793,0,0,1,0
190,0,1,0,0,1,0,1,70600,0,0,0,1
191,1,1,0,0,1,0,0,45737,0,0,0,1
192,1,1,0,0,1,0,0,45737,0,0,0,1
194,1,0,1,0,0,0,0,27984,1,0,0,0
195,0,0,1,1,0,0,0,76629,0,0,0,1
196,1,0,0,1,0,0,0,51846,0,0,0,1
197,0,1,0,0,1,0,0,54360,0,0,1,0
198,0,0,1,1,0,0,0,47384,1,0,0,0
199,1,0,0,1,0,0,1,70623,0,0,0,1
200,0,0,0,1,0,0,0,51846,0,0,0,1
201,0,0,1,1,0,0,0,44576,0,1,0,0
202,0,0,0,1,0,0,0,92580,0,0,0,1
203,0,0,0,1,0,0,0,29958,0,1,0,0
204,0,0,0,1,0,0,0,41717,0,0,0,1
205,0,0,0,1,0,0,0,33316,1,0,0,0
206,1,0,0,1,0,0,1,114174,0,0,0,1
207,1,1,1,0,0,0,1,40972,0,0,1,0
208,0,0,0,1,0,0,0,63012,0,0,0,1
209,1,1,0,0,0,1,0,53583,0,0,0,1
210,0,1,0,1,0,0,0,37422,0,0,0,1
211,0,0,0,0,1,0,0,47709,1,0,0,0
212,0,1,0,0,1,0,0,111730,0,1,0,0
213,0,0,0,1,0,0,0,54360,0,0,1,0
214,0,0,0,1,0,0,1,70600,0,0,0,1
215,0,0,0,1,0,0,0,35112,0,0,0,1
216,1,0,0,1,0,0,0,112766,0,0,0,1
217,1,0,1,0,0,0,0,47710,0,0,0,1
218,0,0,0,1,0,0,0,58915,0,0,0,1
219,1,0,0,1,0,0,0,112766,0,0,0,1
220,0,0,0,1,0,0,0,50757,0,0,0,1
221,0,0,0,1,0,0,0,65274,0,0,0,1
222,1,0,0,1,0,0,0,38527,0,1,0,0
223,1,0,0,1,0,0,0,51181,0,1,0,0
224,1,0,0,1,0,0,0,45615,1,0,0,0
225,0,0,0,1,0,0,0,44101,1,0,0,0
226,0,0,0,1,0,0,0,65274,0,0,0,1
227,0,1,0,0,1,0,0,144642,1,0,0,0
228,1,0,0,1,0,0,0,43907,0,0,0,1
229,1,0,1,0,0,0,0,207903,0,0,0,1
230,0,0,0,1,0,0,0,204521,0,0,0,1
231,0,1,0,0,1,0,1,57039,0,0,0,1
232,1,0,1,1,0,0,0,112766,0,0,0,1
233,1,0,0,1,0,0,0,207903,0,0,0,1
234,0,0,0,1,0,0,0,125564,0,1,0,0
235,0,1,0,0,1,0,1,58915,0,0,0,1
237,1,0,1,0,0,0,0,112766,0,0,0,1
238,1,0,1,0,0,0,0,112766,0,0,0,1
239,1,0,1,0,0,0,0,65274,0,0,0,1
240,1,0,1,0,0,0,0,36232,0,0,1,0
241,0,0,0,1,0,0,0,50757,0,0,0,1
242,1,1,0,0,0,1,0,31826,0,0,1,0
243,0,0,0,1,0,0,0,144642,1,0,0,0
244,0,0,0,1,0,0,0,45936,0,1,0,0
245,1,0,0,1,0,0,0,46206,0,0,0,1
246,1,0,1,0,0,0,0,46206,0,0,0,1
247,0,0,0,1,0,0,0,57465,0,0,0,1
248,1,0,1,0,0,0,0,45212,0,1,0,0
249,0,0,1,0,0,0,0,37108,1,0,0,0
250,0,0,0,1,0,0,0,57465,0,0,0,1
251,0,0,0,1,0,0,0,72371,0,1,0,0
252,0,0,0,1,0,0,0,47709,1,0,0,0
253,1,1,1,0,0,0,0,63012,0,0,0,1
254,1,0,0,1,0,0,0,123077,0,1,0,0
255,1,0,0,1,0,0,0,35207,0,0,0,1
256,0,0,0,1,0,0,0,39740,0,0,0,1
257,1,0,1,0,0,0,0,57465,0,0,0,1
258,0,0,0,0,1,0,1,207903,0,0,0,1
259,0,0,0,1,0,0,1,114174,0,0,0,1
260,1,1,1,1,0,0,0,44718,0,0,1,0
261,1,0,1,1,0,0,0,44718,0,0,1,0
262,0,0,0,1,0,0,0,204521,0,0,0,1
263,0,0,1,1,0,0,0,101551,1,0,0,0
264,0,0,0,0,1,0,0,67757,0,1,0,0
265,0,0,1,1,0,0,0,36232,0,0,1,0
266,1,0,1,0,0,0,0,26793,0,0,1,0
267,1,0,1,0,0,0,0,52787,1,0,0,0
268,0,1,0,1,0,0,0,47384,1,0,0,0
269,1,1,0,0,0,1,0,56526,0,0,0,1
270,1,0,1,0,0,0,0,45212,0,1,0,0
271,0,0,0,1,0,0,0,54460,0,0,0,1
272,1,0,1,0,0,0,0,38527,0,1,0,0
273,1,0,0,1,0,0,1,37379,0,1,0,0
274,0,0,0,1,0,0,0,71204,0,0,0,1
277,1,0,0,1,0,0,0,123077,0,1,0,0
278,0,0,0,1,0,0,0,34059,1,0,0,0
279,1,0,0,0,0,1,0,29958,0,1,0,0
280,1,0,1,0,0,0,0,44576,0,1,0,0
281,1,0,0,0,1,0,0,31771,1,0,0,0
282,0,0,1,1,0,0,0,47709,1,0,0,0
284,1,1,1,0,0,0,1,31825,0,0,1,0
285,1,1,1,0,0,0,0,35786,0,1,0,0
286,0,0,0,1,0,0,1,85340,0,1,0,0
287,1,0,1,0,0,0,0,44557,0,0,0,1
288,1,0,0,1,0,0,0,35047,0,0,1,0
289,1,0,0,1,0,0,0,32913,0,0,1,0
290,1,0,0,1,0,0,0,44557,0,0,0,1
291,1,0,0,1,0,0,1,85340,0,1,0,0
292,1,0,0,1,0,0,0,50757,0,0,0,1
293,1,0,0,1,0,0,0,207903,0,0,0,1
294,1,0,0,1,0,0,0,112766,0,0,0,1
295,1,0,1,1,0,0,0,72371,0,1,0,0
296,1,0,0,1,0,0,0,38527,0,1,0,0
297,1,0,1,1,0,0,0,26793,0,0,1,0
298,0,0,0,1,0,0,0,72371,0,1,0,0
299,1,0,0,1,0,0,0,58071,0,0,0,1
300,0,0,0,1,0,0,0,169203,0,1,0,0
301,1,0,0,1,0,0,1,207903,0,0,0,1
302,1,0,0,1,0,0,0,55199,0,0,0,1
303,1,0,0,1,0,0,0,52787,1,0,0,0
304,1,0,0,1,0,0,0,65274,0,0,0,1
306,1,0,0,1,0,0,0,44718,0,0,1,0
307,1,0,0,1,0,0,0,35112,0,0,0,1
308,1,0,0,1,0,0,0,53803,0,0,0,1
309,1,0,0,1,0,0,0,123077,0,1,0,0
310,1,0,1,1,0,0,1,40972,0,0,1,0
311,1,0,0,1,0,0,1,58915,0,0,0,1
312,1,0,1,0,0,0,0,33528,0,0,0,1
313,1,0,0,1,0,0,0,44718,0,0,1,0
314,0,0,0,1,0,0,1,89330,0,1,0,0
315,1,0,0,1,0,0,0,54360,0,0,1,0
316,1,1,1,0,0,0,0,34059,1,0,0,0
317,1,0,0,1,0,0,0,85099,0,1,0,0
318,1,0,0,1,0,0,1,70600,0,0,0,1
319,1,0,0,1,0,0,0,57465,0,0,0,1
320,0,0,0,1,0,0,0,30878,0,0,1,0
321,1,0,0,1,0,0,0,48511,0,0,0,1
322,1,0,0,1,0,0,0,207903,0,0,0,1
323,1,0,0,1,0,0,0,53315,0,0,0,1
324,1,0,0,1,0,0,0,54360,0,0,1,0
325,1,1,1,0,0,0,0,92580,0,0,0,1
326,1,0,0,1,0,0,0,32483,1,0,0,0
327,0,0,1,1,0,0,0,54360,0,0,1,0
328,1,0,1,1,0,0,1,114174,0,0,0,1
329,1,0,1,1,0,0,1,114174,0,0,0,1
330,1,0,1,0,0,0,1,57039,0,0,0,1
331,0,0,0,1,0,0,0,123077,0,1,0,0
332,1,1,1,0,0,0,0,34059,1,0,0,0
333,1,0,0,1,0,0,1,48134,0,1,0,0
334,1,0,1,1,0,0,0,52787,1,0,0,0
335,1,0,1,1,0,0,0,54438,1,0,0,0
336,0,0,0,1,0,0,1,44576,0,1,0,0
337,1,0,0,1,0,0,0,40588,0,0,0,1
338,1,0,1,1,0,0,0,47709,1,0,0,0
339,0,0,0,1,0,0,0,169203,0,1,0,0
340,1,0,1,1,0,0,0,52787,1,0,0,0
341,1,0,1,0,0,0,0,39740,0,0,0,1
342,1,0,1,1,0,0,0,47709,1,0,0,0
343,1,0,0,1,0,0,0,51181,0,1,0,0
344,1,0,0,1,0,0,1,57039,0,0,0,1
345,1,0,0,1,0,0,0,34904,0,1,0,0
346,1,0,0,1,0,0,1,67757,0,1,0,0
347,1,0,0,1,0,0,0,43907,0,0,0,1
348,1,0,0,1,0,0,0,73253,0,0,0,1
349,1,0,0,1,0,0,0,55199,0,0,0,1
350,1,0,0,1,0,0,0,54360,0,0,1,0
351,1,0,0,1,0,0,1,48134,0,1,0,0
352,0,0,0,1,0,0,0,112766,0,0,0,1
353,1,0,0,1,0,0,0,39803,0,0,0,1
354,0,0,0,1,0,0,0,100516,0,1,0,0
355,1,0,0,1,0,0,0,204521,0,0,0,1
356,1,0,0,1,0,0,0,76629,0,0,0,1
357,1,0,0,1,0,0,0,58071,0,0,0,1
358,1,0,0,1,0,0,0,44718,0,0,1,0
359,1,0,0,1,0,0,1,85099,0,1,0,0
360,1,0,1,1,0,0,0,31825,0,0,1,0
361,0,1,0,1,0,0,1,114174,0,0,0,1
362,1,0,1,0,0,0,0,39740,0,0,0,1
363,1,0,1,1,0,0,0,73253,0,0,0,1
364,1,0,0,1,0,0,1,114174,0,0,0,1
365,1,0,1,1,0,0,0,26793,0,0,1,0
366,1,1,1,0,0,0,1,34597,0,0,0,1
367,1,0,0,1,0,0,0,50694,0,0,0,1
368,0,0,0,1,0,0,1,71204,0,0,0,1
369,0,0,1,1,0,0,0,45326,0,1,0,0
370,1,0,0,1,0,0,0,55199,0,0,0,1
371,1,0,0,1,0,0,0,308010,0,1,0,0
372,1,0,1,1,0,0,0,31771,1,0,0,0
373,1,0,0,1,0,0,0,125564,0,1,0,0
374,1,0,0,1,0,0,0,44718,0,0,1,0
375,1,0,0,1,0,0,0,165047,0,0,0,1
376,1,0,0,1,0,0,0,53315,0,0,0,1
377,1,0,0,1,0,0,0,99055,1,0,0,0
378,1,0,0,1,0,0,0,39740,0,0,0,1
379,0,0,0,1,0,0,1,70623,0,0,0,1
380,1,0,1,0,0,0,0,207903,0,0,0,1
381,1,1,1,0,0,0,0,308010,0,1,0,0
382,1,0,0,1,0,0,0,34768,0,1,0,0
383,0,0,0,1,0,0,0,44718,0,0,1,0
384,0,0,0,1,0,0,0,39803,0,0,0,1
385,1,0,0,1,0,0,0,70831,0,0,0,1
386,1,0,0,1,0,0,0,30731,1,0,0,0
387,1,0,0,1,0,0,0,34168,0,1,0,0
388,1,0,0,1,0,0,0,92580,0,0,0,1
389,1,0,1,0,0,0,0,36232,0,0,1,0
390,1,0,0,1,0,0,0,92580,0,0,0,1
391,1,0,0,1,0,0,0,112766,0,0,0,1
392,1,0,0,1,0,0,0,73253,0,0,0,1
393,1,0,0,1,0,0,0,39003,1,0,0,0
394,1,0,1,0,0,0,0,32997,1,0,0,0
395,0,0,0,1,0,0,0,49709,0,0,0,1
396,1,0,0,1,0,0,0,31692,0,0,1,0
397,1,0,0,1,0,0,0,37422,0,0,0,1
398,1,0,0,1,0,0,0,52787,1,0,0,0
399,1,0,0,1,0,0,0,48134,0,1,0,0
400,0,0,0,1,0,0,0,42516,0,1,0,0
401,0,0,0,1,0,0,0,64140,1,0,0,0
402,0,0,0,1,0,0,0,169203,0,1,0,0
403,1,0,0,1,0,0,0,39740,0,0,0,1
404,1,0,0,1,0,0,0,30731,1,0,0,0
405,1,0,0,1,0,0,0,47709,1,0,0,0
406,1,0,0,1,0,0,0,123077,0,1,0,0
407,1,0,0,1,0,0,0,43907,0,0,0,1
408,0,0,0,1,0,0,0,100516,0,1,0,0
409,1,1,0,0,0,1,1,40972,0,0,1,0
410,1,0,0,0,0,1,0,31771,1,0,0,0
411,1,0,1,0,0,0,0,45326,0,1,0,0
412,1,0,1,0,0,0,0,54360,0,0,1,0
413,0,0,0,1,0,0,0,39556,0,0,1,0
414,1,0,1,1,0,0,0,34059,1,0,0,0
415,0,0,0,0,1,0,0,100516,0,1,0,0
416,1,0,0,0,0,1,0,52787,1,0,0,0
417,1,0,1,1,0,0,0,44718,0,0,1,0
418,0,0,0,1,0,0,0,111730,0,1,0,0
419,0,1,0,0,1,0,1,34597,0,0,0,1
421,0,0,0,0,1,0,1,57039,0,1,0,0
422,0,0,0,1,0,0,0,52035,0,1,0,0
423,0,0,0,1,0,0,0,207903,0,0,0,1
424,1,0,1,0,0,0,0,39003,1,0,0,0
425,0,0,0,1,0,0,0,169203,0,1,0,0
426,0,0,0,1,0,0,0,32815,1,0,0,0
427,1,0,1,0,0,0,0,47709,1,0,0,0
428,0,0,0,1,0,0,1,30878,0,0,1,0
429,0,0,0,1,0,0,1,207903,0,0,0,1
430,0,0,0,1,0,0,0,65274,0,0,0,1
431,1,0,0,1,0,0,0,71204,0,0,0,1
432,0,0,0,1,0,0,0,38527,0,1,0,0
433,1,1,1,0,0,0,0,30827,1,0,0,0
434,1,0,1,1,0,0,0,36232,0,0,1,0
435,0,0,1,1,0,0,0,54438,1,0,0,0
436,0,1,0,0,1,1,1,89330,0,1,0,0
437,0,0,0,0,1,0,0,308010,0,1,0,0
438,0,0,0,1,0,0,0,53315,0,0,0,1
439,1,0,0,1,0,0,0,42516,0,1,0,0
440,0,0,1,0,0,0,0,44576,0,1,0,0
441,0,0,0,1,0,0,0,101551,1,0,0,0
442,1,0,0,0,0,1,1,39556,0,0,1,0
443,1,0,1,0,0,0,0,35786,0,1,0,0
444,1,0,1,0,0,0,0,36232,0,0,1,0
445,1,0,0,1,0,0,0,31826,0,0,1,0
446,1,0,1,1,0,0,0,51846,0,0,0,1
447,0,0,0,1,0,0,0,51846,0,0,0,1
449,1,0,1,0,0,0,0,35112,0,0,0,1
450,0,0,1,1,0,0,0,30827,1,0,0,0
451,1,0,0,1,0,0,0,34768,0,1,0,0
452,1,1,1,1,0,0,0,54360,0,0,1,0
453,1,0,1,1,0,0,0,100516,0,1,0,0
454,0,0,0,1,0,0,1,85340,0,1,0,0
455,1,1,0,0,0,1,1,57039,0,1,0,0
456,0,0,0,1,0,0,0,54460,0,0,0,1
456,0,0,0,1,0,0,0,54460,0,0,0,1
457,1,0,0,0,1,0,0,38255,1,0,0,0
458,0,0,0,1,0,0,0,47709,1,0,0,0
459,0,0,0,1,0,0,0,65274,0,0,0,1
460,0,0,0,1,0,0,0,111730,0,1,0,0
461,1,0,1,0,0,0,0,44718,0,0,1,0
462,0,1,0,0,1,1,0,53583,0,0,0,1
463,1,0,0,1,0,0,1,85340,0,1,0,0
464,0,0,1,1,0,0,0,123077,0,1,0,0
465,0,1,0,0,1,0,0,32997,1,0,0,0
467,0,0,0,1,0,0,0,111730,0,1,0,0
468,0,0,0,1,0,0,0,54438,1,0,0,0
469,0,0,0,1,0,0,0,114174,0,0,0,1
470,0,1,0,0,1,1,1,52035,0,1,0,0
471,0,1,0,0,1,1,1,52035,0,1,0,0
472,0,0,0,0,1,1,0,35786,0,1,0,0
473,1,0,0,1,0,0,1,85340,0,1,0,0
474,0,0,0,1,0,0,0,92580,0,0,0,1
475,1,0,0,0,1,0,0,30414,0,0,1,0
476,0,0,0,1,0,0,0,207903,0,0,0,1
477,0,0,0,0,1,0,1,34904,0,1,0,0
478,1,1,1,0,0,0,0,53315,0,0,0,1
479,0,0,0,1,0,0,0,111730,0,1,0,0
480,1,1,1,0,0,0,0,63012,0,0,0,1
481,1,0,1,0,0,0,1,40972,0,0,1,0
482,1,1,0,0,1,0,1,89330,0,1,0,0
483,1,0,0,0,0,1,1,57039,0,0,0,1
484,0,0,1,0,0,0,0,64140,1,0,0,0
485,1,0,0,1,0,0,0,169203,0,1,0,0
486,1,0,0,1,0,0,0,125564,0,1,0,0
487,1,0,0,1,0,0,0,34904,0,1,0,0
488,0,1,0,0,1,0,1,70600,0,0,0,1
489,1,1,0,0,0,1,0,112766,0,0,0,1
489,1,1,0,0,0,1,0,112766,0,0,0,1
490,1,1,0,0,0,1,0,39740,0,0,0,1
491,1,0,1,0,0,0,0,47384,1,0,0,0
492,1,0,1,0,0,0,0,32815,1,0,0,0
493,0,0,0,1,0,0,0,48134,0,1,0,0
494,1,0,0,1,0,0,0,51181,0,1,0,0
496,1,0,1,0,0,0,0,48134,0,1,0,0
497,1,0,1,0,0,0,0,36232,0,0,1,0
498,0,0,0,0,1,1,0,165047,0,0,0,1
499,1,0,0,0,0,1,0,50694,0,0,0,1
499,1,0,0,0,0,1,0,50694,0,0,0,1
500,1,0,0,0,1,0,1,58915,0,0,0,1
501,1,1,0,0,0,1,0,53583,0,0,0,1
502,1,0,1,0,0,0,0,54360,0,0,1,0
503,1,0,0,1,0,0,1,169203,0,1,0,0
504,0,0,1,1,0,0,0,36232,0,0,1,0
505,1,1,0,0,0,1,0,49709,0,0,0,1
506,1,0,0,1,0,0,0,45326,0,1,0,0
507,0,1,0,0,1,0,0,44718,0,0,1,0
508,1,1,0,0,1,0,0,30033,0,0,1,0
509,1,0,1,1,0,0,0,45936,0,1,0,0
510,1,0,0,0,0,1,0,54460,0,0,0,1
511,1,0,0,1,0,0,0,42516,0,1,0,0
513,1,0,0,1,0,0,1,85340,0,1,0,0
514,1,0,0,1,0,0,0,169203,0,1,0,0
515,0,1,0,0,1,0,0,64140,1,0,0,0
516,1,0,0,1,0,0,1,89330,0,1,0,0
517,1,0,0,0,0,1,0,54438,1,0,0,0
518,1,1,0,0,1,0,0,56526,0,0,0,1
519,1,0,0,0,1,0,0,44177,1,0,0,0
520,1,0,1,0,0,0,0,44718,0,0,1,0
521,1,0,0,1,0,0,0,111730,0,1,0,0
522,1,1,1,1,0,0,0,169203,0,1,0,0
523,0,1,0,0,1,0,0,53583,0,0,0,1
524,0,0,0,1,0,0,0,101551,1,0,0,0
525,0,0,1,1,0,0,0,47709,1,0,0,0
526,0,0,0,1,0,0,0,58915,0,0,0,1
527,0,0,0,0,1,0,1,57039,0,0,0,1
528,1,0,0,1,0,0,1,169203,0,1,0,0
529,1,0,0,1,0,0,1,36359,0,1,0,0
530,0,1,0,0,1,0,0,207903,0,0,0,1
531,1,0,0,1,0,0,0,123077,0,1,0,0
532,1,0,0,1,0,0,0,123077,0,1,0,0
533,1,0,0,1,0,0,0,169203,0,1,0,0
534,1,1,0,0,0,1,0,50757,0,0,0,1
535,1,0,0,1,0,0,0,123077,0,1,0,0
536,1,0,0,1,0,0,0,111730,0,1,0,0
537,1,0,0,1,0,0,0,111730,0,1,0,0
538,1,0,0,1,0,0,0,100516,0,1,0,0
539,1,0,0,1,0,0,0,72371,0,1,0,0
540,1,0,0,1,0,0,1,36359,0,1,0,0
541,1,1,0,0,0,1,0,47709,1,0,0,0
542,1,0,1,0,0,0,0,35786,0,1,0,0
543,1,0,0,1,0,0,0,28875,0,1,0,0
544,1,1,0,0,1,0,0,48134,0,1,0,0
545,0,1,0,0,1,0,1,58915,0,0,0,1
546,1,0,0,1,0,0,1,85340,0,1,0,0
547,1,0,0,1,0,0,1,67757,0,1,0,0
548,0,0,0,1,0,0,0,31771,1,0,0,0
549,1,0,0,1,0,0,1,85340,0,1,0,0
550,0,1,0,0,1,0,1,52787,1,0,0,0
551,1,1,0,0,1,0,1,52787,1,0,0,0
552,1,1,0,0,0,1,1,45212,0,1,0,0
553,0,0,0,1,0,0,0,33316,1,0,0,0
555,1,0,0,0,1,0,0,40588,0,0,0,1
556,1,0,0,1,0,0,0,33528,0,0,0,1
557,0,1,0,0,1,0,0,57465,0,0,0,1
558,0,0,1,0,0,0,1,48134,0,1,0,0
559,0,0,1,0,0,0,0,125564,0,1,0,0
560,1,1,0,0,0,1,1,58915,0,0,0,1
561,1,0,0,1,0,0,1,169203,0,1,0,0
563,0,0,0,0,1,0,0,35047,0,0,1,0
564,1,0,0,1,0,0,1,71204,0,0,0,1
567,0,0,0,1,0,0,0,73253,0,0,0,1
568,1,0,0,1,0,0,0,55199,0,0,0,1
569,0,0,0,1,0,0,1,71204,0,0,0,1
570,0,0,0,1,0,0,1,71204,0,0,0,1
571,1,0,0,1,0,0,0,39740,0,0,0,1
572,1,0,0,1,0,0,0,204521,0,0,0,1
573,0,0,0,1,0,0,0,65274,0,0,0,1
574,1,1,0,0,0,1,0,65274,0,0,0,1
575,0,0,0,1,0,0,0,204521,0,0,0,1
576,0,0,1,1,0,0,0,47709,1,0,0,0
578,0,1,0,0,0,1,1,34597,0,0,0,1
579,1,0,1,0,0,0,0,34059,1,0,0,0
580,0,1,0,0,1,0,0,45212,0,1,0,0
581,1,1,0,0,1,0,0,52787,1,0,0,0
582,0,0,0,1,0,0,0,35112,0,0,0,1
583,0,0,0,1,0,0,0,31771,1,0,0,0
584,1,1,1,1,0,0,0,54360,0,0,1,0
585,0,0,0,1,0,0,0,169203,0,1,0,0
586,1,0,0,1,0,0,0,62378,1,0,0,0
587,0,0,0,0,1,0,1,57039,0,0,0,1
588,1,0,1,0,0,0,0,47709,1,0,0,0
589,1,0,0,1,0,0,1,67757,0,1,0,0
590,1,0,0,1,0,0,0,47710,0,0,0,1
591,0,0,0,1,0,0,0,123077,0,1,0,0
592,1,0,1,1,0,0,0,72371,0,1,0,0
593,1,0,0,1,0,0,0,112766,0,0,0,1
594,1,0,0,1,0,0,0,40588,0,0,0,1
595,1,0,0,1,0,0,1,67757,0,1,0,0
596,1,0,0,1,0,0,0,45615,1,0,0,0
597,1,0,0,1,0,0,0,37108,1,0,0,0
598,1,1,0,1,0,0,0,58071,0,0,0,1
599,1,0,1,0,0,0,0,53803,0,0,0,1
600,1,0,0,1,0,0,0,50694,0,0,0,1
601,1,0,0,1,0,0,1,89330,0,1,0,0
602,1,0,1,1,0,0,0,36232,0,0,1,0
603,1,0,1,1,0,0,0,40588,0,0,0,1
604,1,0,0,1,0,0,1,71204,0,0,0,1
605,1,0,0,1,0,0,0,55225,0,0,0,1
606,1,0,0,1,0,0,0,34768,0,1,0,0
607,1,0,1,0,0,0,0,53583,0,0,0,1
608,1,0,1,0,0,0,0,53583,0,0,0,1
609,1,0,0,1,0,0,0,30731,1,0,0,0
610,1,0,0,1,0,0,0,58071,0,0,0,1
611,1,0,0,1,0,0,0,35047,0,0,1,0
612,1,0,0,1,0,0,0,50580,0,0,0,1
613,1,0,0,1,0,0,0,71888,0,0,0,1
614,1,0,0,1,0,0,0,35207,0,0,0,1
615,0,1,0,1,0,1,0,33323,0,0,1,0
616,1,0,0,1,0,0,0,50694,0,0,0,1
617,0,0,0,1,0,0,0,308010,0,1,0,0
618,1,0,1,0,0,0,0,33323,0,0,1,0
619,1,0,0,1,0,0,0,169203,0,1,0,0
620,1,0,0,1,0,0,0,112766,0,0,0,1
621,1,0,0,1,0,0,0,47002,1,0,0,0
622,1,0,0,1,0,0,0,33316,0,0,0,1
623,0,0,0,1,0,0,0,169203,0,1,0,0
624,1,0,0,1,0,0,0,204521,0,0,0,1
625,1,0,0,1,0,0,0,34768,0,1,0,0
626,1,0,1,0,0,0,0,41717,0,0,0,1
627,1,0,0,1,0,0,0,76629,0,0,0,1
628,1,0,0,1,0,0,0,169203,0,1,0,0
629,1,0,1,1,0,0,0,47384,1,0,0,0
630,1,0,0,1,0,0,0,35786,0,1,0,0
631,1,0,1,0,0,0,0,36232,0,0,1,0
632,1,0,1,1,0,0,0,54360,0,0,1,0
633,1,0,0,1,0,0,0,44101,1,0,0,0
634,1,0,0,1,0,0,0,44101,1,0,0,0
635,1,0,0,1,0,0,1,114174,0,0,0,1
637,1,0,0,1,0,0,0,47710,0,0,0,1
638,1,0,0,1,0,0,0,72371,0,1,0,0
639,1,0,0,1,0,0,0,39740,0,0,0,1
640,1,0,0,1,0,0,0,53315,0,0,0,1
641,1,0,1,0,0,0,0,169203,0,1,0,0
642,1,0,0,1,0,0,0,37422,0,0,0,1
643,1,0,0,1,0,0,0,99055,1,0,0,0
644,1,0,0,1,0,0,0,70600,0,0,0,1
645,0,0,0,1,0,0,0,54324,0,0,0,1
646,1,0,0,1,0,0,0,53803,0,0,0,1
647,1,0,0,1,0,0,0,123077,0,1,0,0
648,1,0,0,1,0,0,0,38527,0,1,0,0
649,1,0,0,1,0,0,0,32815,1,0,0,0
650,1,0,0,1,0,0,0,70831,0,0,0,1
651,1,0,1,1,0,0,0,36232,0,0,1,0
652,1,0,0,1,0,0,0,73253,0,0,0,1
653,1,0,1,0,0,0,1,58915,0,0,0,1
654,1,0,0,1,0,0,0,53203,0,0,1,0
656,1,0,0,1,0,0,0,48511,0,0,0,1
657,1,0,0,1,0,0,0,51181,0,1,0,0
658,1,0,1,1,0,0,1,38527,0,1,0,0
659,1,0,0,1,0,0,0,30430,0,0,0,1
660,1,0,0,1,0,0,0,308010,0,1,0,0
661,1,0,0,1,0,0,0,67757,0,1,0,0
662,1,0,0,1,0,0,0,33323,0,0,1,0
663,1,0,0,1,0,0,1,48134,0,1,0,0
664,1,0,1,1,0,0,0,39556,0,0,1,0
665,1,0,0,1,0,0,0,92580,0,0,0,1
666,1,0,0,1,0,0,0,33316,1,0,0,0
667,1,0,0,1,0,0,0,123077,0,1,0,0
668,1,0,0,1,0,0,0,53803,0,0,0,1
669,1,0,0,1,0,0,0,33829,1,0,0,0
670,1,0,0,1,0,0,0,169203,0,1,0,0
671,1,0,0,1,0,0,0,169203,0,1,0,0
672,1,0,0,1,0,0,1,85340,0,1,0,0
673,1,0,0,1,0,0,0,92580,0,0,0,1
674,1,0,0,1,0,0,0,125564,0,1,0,0
675,1,0,0,1,0,0,0,51846,0,0,0,1
676,1,0,0,1,0,0,0,70831,0,0,0,1
677,1,0,0,1,0,0,0,53203,0,0,1,0
678,1,0,0,1,0,0,0,51846,0,0,0,1
679,1,0,0,1,0,0,0,308010,0,1,0,0
680,1,0,0,1,0,0,0,123077,0,1,0,0
681,1,0,0,1,0,0,0,54324,0,0,0,1
682,1,0,0,1,0,0,0,33323,0,0,1,0
683,1,0,0,1,0,0,1,67757,0,1,0,0
684,1,0,0,1,0,0,0,39740,0,0,0,1
685,1,1,1,0,0,0,0,45936,0,1,0,0
686,0,0,0,1,0,0,0,101551,1,0,0,0
687,1,0,0,1,0,0,0,44557,0,0,0,1
688,1,0,1,0,0,0,0,44718,0,0,1,0
689,0,0,0,0,1,0,0,64140,1,0,0,0
690,1,0,1,0,0,0,0,50580,0,0,0,1
691,1,1,1,0,0,0,0,52787,1,0,0,0
692,1,0,1,0,0,0,0,54360,0,0,1,0
693,0,1,0,0,1,1,0,112766,0,0,0,1
694,1,0,0,1,0,0,0,112766,0,0,0,1
695,0,0,0,1,0,0,1,89330,0,0,0,1
696,1,0,0,1,0,0,1,48134,0,1,0,0
697,1,0,0,1,0,0,1,48134,0,1,0,0
698,1,0,0,1,0,0,1,48134,0,1,0,0
699,1,0,0,1,0,0,1,48134,0,1,0,0
701,1,0,0,1,0,0,0,169203,0,1,0,0
702,0,0,0,1,0,0,0,47384,1,0,0,0
703,1,0,0,0,1,1,0,32724,0,1,0,0
704,0,0,0,1,0,0,0,308010,0,1,0,0
705,1,0,0,1,0,0,0,33323,0,0,1,0
706,0,0,0,1,0,0,0,38527,0,1,0,0
707,1,0,0,1,0,0,0,65274,0,0,0,1
708,1,0,0,1,0,0,0,50757,0,0,0,1
709,1,0,1,1,0,0,0,33323,0,0,1,0
710,1,0,1,1,0,0,1,40972,0,0,1,0
711,1,1,1,0,0,0,0,55199,0,0,0,1
712,1,1,0,0,1,0,1,207903,0,0,0,1
713,0,0,0,1,0,0,0,71204,0,0,0,1
714,1,0,0,1,0,0,0,125564,0,1,0,0
715,0,0,0,1,0,0,0,76629,0,0,0,1
716,1,0,0,1,0,0,0,45326,0,1,0,0
717,1,0,0,1,0,0,0,111730,0,1,0,0
718,1,0,0,1,0,0,0,53803,0,0,0,1
719,1,0,0,1,0,0,1,89330,0,0,0,1
720,1,1,1,1,0,0,0,31825,0,0,1,0
721,0,1,0,0,1,0,1,85340,0,1,0,0
722,1,0,1,0,0,0,0,48511,0,0,0,1
723,1,0,0,1,0,0,1,85340,0,1,0,0
724,0,0,0,1,0,0,0,49709,0,0,0,1
725,1,0,0,1,0,0,0,43907,0,0,0,1
726,1,0,0,1,0,0,0,42516,0,1,0,0
727,1,0,0,1,0,0,0,44177,1,0,0,0
728,1,0,1,1,0,0,0,39740,0,0,0,1
729,0,0,1,1,0,0,0,165047,0,0,0,1
729,0,0,1,1,0,0,0,165047,0,0,0,1
730,1,0,0,1,0,0,0,38527,0,1,0,0
731,0,0,0,1,0,0,0,48134,0,1,0,0
732,0,0,0,1,0,0,0,32815,1,0,0,0
733,1,0,1,1,0,0,0,36232,0,0,1,0
734,1,0,1,1,0,0,0,36232,0,0,1,0
735,1,0,0,1,0,0,0,169203,0,1,0,0
736,1,0,0,1,0,0,0,44101,1,0,0,0
737,1,0,0,1,0,0,0,51846,0,0,0,1
738,1,0,0,1,0,0,0,45212,0,1,0,0
739,1,0,0,1,0,0,0,71204,0,0,0,1
740,1,0,0,1,0,0,0,92580,0,0,0,1
741,1,0,0,1,0,0,1,71204,0,0,0,1
742,1,0,0,1,0,0,0,39803,0,0,0,1
743,1,0,0,1,0,0,0,73253,0,0,0,1
744,1,0,0,1,0,0,0,92580,0,0,0,1
745,1,0,0,1,0,0,0,54360,0,0,1,0
746,0,0,0,1,0,0,0,101551,1,0,0,0
747,1,0,0,0,0,1,0,34059,1,0,0,0
748,1,1,1,0,0,0,0,31771,1,0,0,0
749,0,1,0,0,1,0,0,34904,0,1,0,0
750,0,0,0,1,0,0,0,101551,1,0,0,0
751,1,0,0,1,0,0,0,54460,0,0,0,1
752,0,0,0,1,0,0,1,54045,0,0,1,0
753,1,1,0,0,1,0,0,112766,0,0,0,1
753,1,1,0,0,1,0,0,112766,0,0,0,1
754,1,0,1,0,0,0,0,36359,0,1,0,0
755,0,1,0,0,1,1,1,85340,0,1,0,0
756,1,0,0,1,0,0,0,50580,0,0,0,1
757,0,1,0,0,1,0,1,34904,0,1,0,0
758,0,0,0,1,0,0,0,308010,0,1,0,0
759,1,0,1,0,0,0,0,45326,0,1,0,0
760,1,0,0,0,1,0,0,31692,0,0,1,0
762,1,0,0,1,0,0,0,46206,0,0,0,1
763,1,0,1,1,0,0,0,71888,0,0,0,1
764,1,0,0,1,0,0,0,111730,0,1,0,0
765,1,0,0,1,0,0,0,44718,0,0,1,0
766,1,0,0,1,0,0,0,169203,0,1,0,0
767,1,0,1,0,0,0,1,70623,0,0,0,1
768,0,1,0,0,1,0,1,70623,0,0,0,1
769,1,1,1,0,0,0,1,31825,0,0,1,0
770,0,0,0,0,1,0,0,53583,0,0,0,1
771,1,0,0,1,0,0,0,308010,0,1,0,0
772,1,0,0,0,0,1,0,31771,1,0,0,0
773,1,1,0,0,0,1,0,165047,0,0,0,1
774,1,0,0,0,0,1,0,37422,0,0,0,1
775,1,0,0,1,0,0,0,100516,0,1,0,0
776,1,0,0,0,0,1,0,32483,1,0,0,0
777,1,0,0,1,0,0,0,44718,0,0,1,0
778,1,0,0,1,0,0,0,41717,0,0,0,1
779,1,0,0,1,0,0,0,32724,0,1,0,0
780,1,0,0,1,0,0,1,85340,0,1,0,0
781,1,0,1,1,0,0,0,36232,0,0,1,0
782,1,0,0,1,0,0,0,125564,0,1,0,0
783,1,1,0,1,0,0,0,50694,0,0,0,1
784,0,0,0,1,0,0,0,47384,1,0,0,0
785,0,0,0,1,0,0,0,308010,0,1,0,0
786,0,0,0,0,1,0,0,53583,0,0,0,1
787,0,0,0,1,0,0,1,71204,0,0,0,1
788,0,0,0,1,0,0,0,62378,1,0,0,0
789,0,0,0,1,0,0,0,54324,0,0,0,1
790,0,0,1,1,0,0,0,44576,0,1,0,0
791,1,0,0,1,0,0,0,63012,0,0,0,1
792,0,0,0,1,0,0,0,169203,0,1,0,0
793,0,0,0,1,0,0,0,123077,0,1,0,0
794,0,0,0,1,0,0,0,123077,0,1,0,0
795,1,0,1,0,0,0,0,53203,0,0,1,0
796,1,1,1,0,0,0,1,57039,0,0,0,1
797,1,0,0,0,0,1,0,30878,0,0,1,0
798,0,0,0,1,0,0,0,92580,0,0,0,1
799,0,0,0,1,0,0,0,65274,0,0,0,1
800,1,0,0,1,0,0,0,58071,0,0,0,1
801,1,0,0,1,0,0,0,50694,0,0,0,1
802,1,1,1,0,0,0,0,56526,0,0,0,1
802,1,1,1,0,0,0,0,56526,0,0,0,1
803,1,0,0,1,0,0,1,70623,0,0,0,1
804,1,0,0,1,0,0,0,111730,0,1,0,0
805,1,0,0,1,0,0,0,39740,0,0,0,1
806,1,0,0,1,0,0,0,51846,0,0,0,1
807,1,0,0,1,0,0,0,125564,0,1,0,0
808,1,0,0,1,0,0,1,85340,0,1,0,0
809,1,0,0,1,0,0,0,30414,0,0,1,0
810,1,0,0,1,0,0,0,47709,1,0,0,0
811,1,0,0,1,0,0,1,114174,0,0,0,1
812,1,0,0,1,0,0,0,29528,1,0,0,0
813,1,0,0,1,0,0,0,51846,0,0,0,1
814,1,0,1,0,0,0,0,72371,0,1,0,0
815,1,0,1,0,0,0,0,52787,1,0,0,0
816,1,0,0,1,0,0,0,37422,0,0,0,1
817,0,0,0,1,0,0,0,50757,0,0,0,1
818,0,0,0,1,0,0,0,47384,1,0,0,0
819,1,0,0,1,0,0,0,54460,0,0,0,1
820,0,1,0,0,1,0,1,72371,0,1,0,0
821,1,0,1,1,0,0,0,31771,1,0,0,0
822,1,0,0,1,0,0,0,45326,0,1,0,0
823,1,0,0,1,0,0,0,53315,0,0,0,1
824,0,0,1,1,0,0,0,45615,1,0,0,0
825,1,0,0,0,1,0,1,57039,0,0,0,1
826,1,0,0,0,0,1,0,50694,0,0,0,1
827,0,1,0,0,1,0,0,70600,0,0,0,1
828,0,0,0,1,0,0,1,67757,0,1,0,0
829,1,0,1,0,0,0,1,40972,0,0,1,0
830,0,0,0,1,0,0,0,308010,0,1,0,0
831,0,0,1,1,0,0,0,47384,1,0,0,0
832,1,1,0,0,0,1,0,54324,0,0,0,1
833,0,1,0,0,1,0,1,89330,0,1,0,0
834,1,0,0,0,0,1,0,34168,1,0,0,0
835,0,0,0,0,1,0,0,46206,0,0,0,1
836,1,0,0,1,0,0,0,45936,0,1,0,0
837,0,0,1,0,0,0,0,47384,1,0,0,0
838,1,0,1,1,0,0,0,42516,0,1,0,0
839,0,1,0,0,1,0,1,85340,0,1,0,0
840,1,1,0,0,0,1,0,50757,0,0,0,1
841,0,0,0,1,0,0,0,123077,0,1,0,0
842,0,1,0,1,0,0,0,99055,1,0,0,0
843,1,0,1,1,0,0,0,123077,0,1,0,0
844,1,0,0,1,0,0,0,33316,1,0,0,0
845,1,0,0,0,1,0,0,50694,0,0,0,1
846,0,0,0,0,1,0,1,52787,1,0,0,0
847,1,0,1,0,0,0,0,71888,0,0,0,1
848,1,0,1,0,0,0,0,92580,0,0,0,1
849,1,0,0,1,0,0,0,100516,0,1,0,0
850,1,0,0,1,0,0,0,55199,0,0,0,1
851,1,0,0,1,0,0,0,169203,0,1,0,0
852,0,0,1,1,0,0,0,47709,1,0,0,0
853,1,0,0,1,0,0,0,169203,0,1,0,0
854,1,0,0,1,0,0,0,37108,1,0,0,0
855,1,1,0,0,0,1,1,51181,0,1,0,0
856,1,0,0,0,0,1,0,31786,0,0,1,0
857,0,1,0,0,1,0,1,70600,0,0,0,1
858,0,0,1,0,0,0,0,47384,1,0,0,0
859,0,1,0,0,1,0,1,34200,0,0,1,0
860,0,0,0,0,1,0,0,53583,0,0,0,1
861,1,0,0,0,0,1,0,56526,0,0,0,1
862,0,1,0,1,0,0,0,49709,1,0,0,0
863,1,0,1,1,0,0,0,72371,0,1,0,0
864,0,0,0,1,0,0,1,67757,0,1,0,0
865,1,0,1,0,0,0,0,32815,1,0,0,0
866,0,0,0,1,0,0,0,34904,0,1,0,0
867,1,0,0,1,0,0,1,36359,0,1,0,0
868,1,0,1,0,0,0,0,31825,0,0,1,0
869,1,0,1,0,0,0,0,72371,0,1,0,0
870,1,0,0,0,1,0,1,57039,0,0,0,1
871,1,0,0,1,0,0,1,36359,0,1,0,0
872,1,0,1,0,0,0,0,43907,0,0,0,1
873,1,0,1,0,0,0,0,47384,1,0,0,0
874,1,0,0,1,0,0,0,42516,0,1,0,0
875,1,0,1,0,0,0,0,72371,0,1,0,0
876,0,1,0,0,1,0,1,70600,0,0,0,1
877,0,1,0,0,1,0,0,53583,0,0,0,1
877,0,1,0,0,1,0,0,53583,0,0,0,1
878,0,1,0,0,1,1,0,49709,0,0,0,1
879,0,0,0,0,1,0,0,49709,0,0,0,1
880,0,1,0,0,1,0,0,39740,0,0,0,1
881,1,0,1,0,0,0,0,43907,0,0,0,1
882,0,0,0,1,0,0,0,49709,0,0,0,1
883,1,1,0,0,1,1,0,50694,0,0,0,1
884,1,1,0,0,1,1,0,50694,0,0,0,1
885,1,1,0,0,0,1,1,70600,0,0,0,1
886,0,1,0,0,1,0,1,52035,0,1,0,0
887,0,0,1,0,1,0,0,38527,0,1,0,0
888,0,0,0,1,0,0,0,38527,0,1,0,0
889,0,0,0,0,1,0,0,35786,0,1,0,0
890,0,0,0,0,1,0,0,169203,0,1,0,0
891,1,0,0,0,1,0,0,53803,0,0,0,1
892,0,1,0,0,1,0,0,52787,1,0,0,0
893,0,0,1,0,0,0,0,125564,0,1,0,0
894,0,0,1,1,0,0,0,54360,0,0,1,0
895,1,0,1,0,0,0,0,47384,1,0,0,0
896,0,1,0,0,1,0,0,39803,0,0,0,1
897,0,1,0,1,0,0,0,63012,0,0,0,1
898,1,1,0,0,0,1,0,207903,0,0,0,1
899,0,0,1,1,0,0,0,72371,0,1,0,0
900,0,0,0,0,1,0,0,54438,1,0,0,0
901,0,0,0,0,1,0,0,44557,0,0,0,1
902,1,0,0,0,0,1,0,31825,0,0,1,0
903,0,0,1,0,0,0,0,43907,0,0,0,1
904,1,0,1,1,0,0,0,30033,0,0,1,0
905,1,0,1,0,0,0,0,47709,1,0,0,0
906,0,0,0,0,1,0,0,100516,0,1,0,0
907,1,1,1,0,0,0,0,29528,1,0,0,0
908,1,0,1,0,0,0,0,36232,0,0,1,0
909,0,0,1,1,0,0,0,53315,0,0,0,1
910,0,0,1,1,0,0,0,47384,1,0,0,0
911,0,0,1,0,0,0,0,34904,0,1,0,0
912,0,0,0,1,0,0,0,37108,1,0,0,0
913,0,0,1,0,0,0,0,34904,0,1,0,0
914,1,0,0,0,1,0,0,45212,0,1,0,0
915,0,1,0,0,1,0,0,36232,0,0,1,0
916,1,0,0,0,1,0,1,37379,0,1,0,0
917,1,0,0,0,1,0,0,30731,1,0,0,0
918,0,1,0,0,1,0,0,308010,0,1,0,0
919,0,0,1,0,0,0,1,70600,0,0,0,1
920,1,0,0,0,0,1,0,45737,0,0,0,1
921,0,0,1,0,0,0,1,70600,0,0,0,1
922,0,0,1,0,0,0,0,34904,0,1,0,0
923,1,0,0,0,0,1,0,31771,1,0,0,0
923,1,0,0,0,0,1,0,31771,1,0,0,0
924,1,1,0,0,1,0,0,39740,0,0,0,1
925,1,1,0,0,1,0,0,32997,1,0,0,0
926,0,1,0,0,1,0,1,70600,0,0,0,1
927,1,0,0,0,1,0,1,51181,0,1,0,0
928,0,1,0,0,1,0,1,70600,0,0,0,1
929,1,0,0,1,0,0,0,169203,0,1,0,0
930,0,0,0,0,1,0,0,54438,1,0,0,0
931,0,1,0,0,1,0,0,64140,1,0,0,0
932,1,0,0,0,0,1,0,44101,1,0,0,0
933,0,0,1,0,0,0,0,39003,1,0,0,0
934,1,0,1,0,0,0,0,54438,1,0,0,0
935,1,0,0,1,0,0,0,44718,0,0,1,0
936,1,0,0,1,0,0,0,169203,0,1,0,0
937,1,0,0,0,0,1,0,28085,0,0,1,0
938,0,0,1,1,0,0,1,70623,0,0,0,1
939,1,0,0,1,0,0,0,47246,0,1,0,0
940,0,0,0,1,0,0,0,70831,0,0,0,1
941,1,0,0,1,0,0,0,38527,0,1,0,0
942,0,0,0,0,1,0,0,70600,0,0,0,1
943,0,0,1,0,0,0,0,54324,0,0,0,1
944,1,0,1,0,0,0,0,72371,0,1,0,0
945,1,1,0,0,0,1,0,56526,0,0,0,1
946,1,1,0,0,0,1,1,70600,0,0,0,1
947,1,0,1,0,0,0,0,123077,0,1,0,0
948,1,1,0,0,1,0,0,40588,0,0,0,1
949,0,0,0,0,1,0,0,45326,0,1,0,0
950,1,1,0,0,1,0,0,53803,0,0,0,1
951,1,0,1,1,0,0,0,51181,0,1,0,0
952,1,0,1,0,0,0,0,123077,0,1,0,0
953,1,0,0,1,0,0,0,51181,0,1,0,0
954,1,0,0,1,0,0,0,38527,0,1,0,0
955,0,0,0,1,0,0,0,57465,0,0,0,1
956,0,0,1,1,0,0,0,47384,1,0,0,0
957,1,0,1,0,0,0,0,47709,1,0,0,0
958,1,0,0,0,0,1,0,39740,0,0,0,1
959,1,0,0,1,0,0,0,29958,1,0,0,0
960,1,1,0,0,0,1,0,125564,0,1,0,0
961,1,0,0,1,0,0,0,45212,0,1,0,0
962,1,0,0,1,0,0,0,64140,1,0,0,0
963,0,1,0,0,1,0,1,89330,0,1,0,0
964,0,0,0,1,0,0,0,123077,0,1,0,0
965,1,0,1,0,0,0,0,54438,1,0,0,0
966,1,0,1,0,0,0,0,44101,1,0,0,0
967,1,0,1,0,0,0,0,32815,1,0,0,0
968,0,0,0,1,0,0,0,44718,0,0,1,0
969,0,0,0,1,0,0,1,52787,1,0,0,0
970,0,0,1,1,0,0,0,39003,1,0,0,0
971,0,1,0,1,0,0,0,45326,0,1,0,0
972,1,1,1,0,0,0,0,33528,0,0,0,1
973,0,1,1,0,0,0,0,51846,0,0,0,1
974,1,0,0,0,1,0,0,36359,0,1,0,0
975,1,0,1,0,0,0,0,34904,0,1,0,0
976,0,1,0,0,1,0,1,70623,0,0,0,1
977,1,1,0,0,1,0,0,204521,0,0,0,1
978,0,1,0,0,1,0,0,48134,0,1,0,0
979,1,0,0,0,0,1,0,308010,0,1,0,0
980,1,0,0,1,0,0,0,111730,0,1,0,0
981,0,1,0,0,1,0,1,70600,0,0,0,1
982,1,0,0,0,0,1,0,28875,0,1,0,0
983,1,1,1,0,0,0,0,39803,0,0,0,1
984,1,0,1,0,0,0,0,47709,1,0,0,0
985,1,0,0,1,0,0,0,48134,0,1,0,0
986,1,0,1,0,0,0,0,44718,0,0,1,0
987,1,0,0,0,1,0,0,38255,1,0,0,0
988,1,0,1,0,0,0,1,48134,0,1,0,0
989,0,0,0,1,0,0,1,38527,0,1,0,0
991,0,1,0,0,1,0,0,44557,0,0,0,1
992,0,0,0,1,0,0,0,32815,1,0,0,0
993,0,1,0,0,1,0,0,52787,1,0,0,0
994,0,1,0,0,1,0,1,44576,0,1,0,0
995,0,1,0,0,1,0,0,45212,0,1,0,0
996,0,1,0,0,1,0,1,45326,0,1,0,0
997,0,0,0,0,1,0,1,57039,0,0,0,1
998,1,0,0,1,0,0,1,67757,0,1,0,0
999,0,0,0,1,0,0,0,47384,1,0,0,0
1000,0,0,1,0,0,0,0,123077,0,1,0,0
1002,0,1,0,0,1,0,0,40588,0,0,0,1
1003,1,0,0,1,0,0,1,67757,0,1,0,0
1004,1,0,0,1,0,0,0,34168,0,1,0,0
1005,1,0,1,0,0,0,0,144642,1,0,0,0
1006,0,0,0,1,0,0,1,85340,0,1,0,0
1007,0,0,1,0,0,0,0,100516,0,1,0,0
1008,1,1,0,0,0,1,1,58915,0,0,0,1
1009,0,1,0,0,1,0,0,70600,0,0,0,1
1010,1,0,0,0,1,1,0,49709,1,0,0,0
1011,1,1,0,0,1,0,1,34597,0,0,0,1
1012,1,0,0,1,0,0,0,45326,0,1,0,0
1013,0,1,0,0,1,0,1,70623,0,0,0,1
1014,0,0,0,1,0,0,0,85099,0,1,0,0
1015,0,0,1,0,0,0,0,64140,1,0,0,0
1016,0,0,1,1,0,0,0,52787,1,0,0,0
1017,1,0,0,1,0,0,0,39803,0,0,0,1
1018,0,0,1,0,0,1,0,39803,0,0,0,1
1019,1,0,0,1,0,0,0,40442,0,1,0,0
1020,1,0,0,1,0,0,0,39803,0,0,0,1
1021,1,1,0,0,1,0,1,207903,0,0,0,1
1022,1,0,0,1,0,0,0,72371,0,1,0,0
1023,0,0,0,0,1,1,1,58915,0,0,0,1
1024,1,0,0,1,0,0,0,125564,0,1,0,0
1025,1,1,0,1,0,0,0,29958,0,1,0,0
1026,1,0,1,1,0,0,0,101551,1,0,0,0
1027,1,0,0,1,0,0,0,45326,0,1,0,0
1028,1,0,0,1,0,0,0,45326,0,1,0,0
1029,1,0,1,0,0,1,0,70600,0,0,0,1
1030,0,0,1,1,0,0,0,53803,0,0,0,1
1031,1,1,1,0,0,0,0,34168,1,0,0,0
1032,1,1,0,0,1,0,1,114174,0,0,0,1
1033,1,0,0,0,1,0,0,32724,0,1,0,0
1034,1,0,0,1,0,0,0,111730,0,1,0,0
1035,0,0,1,1,0,0,0,30974,0,0,1,0
1036,0,1,0,0,1,0,0,32724,0,1,0,0
1037,1,0,1,0,0,0,0,52787,1,0,0,0
1038,1,0,1,0,0,0,0,45326,0,1,0,0
1039,1,0,1,0,0,0,0,45326,0,1,0,0
1040,1,0,0,0,0,1,0,35786,0,1,0,0
1041,1,1,1,0,0,0,0,57465,0,0,0,1
1042,1,1,0,0,0,1,0,112766,0,0,0,1
1043,0,1,0,0,1,0,1,57039,0,0,0,1
1044,0,0,0,0,1,0,1,57039,0,0,0,1
1045,1,0,0,1,0,0,0,100516,0,1,0,0
1046,1,1,0,0,0,1,0,50580,0,0,0,1
1047,1,0,0,1,0,0,0,72371,0,1,0,0
1048,1,0,0,0,1,0,0,39003,1,0,0,0
1049,1,0,0,0,0,1,0,34168,1,0,0,0
1050,1,0,0,1,0,0,1,38527,0,1,0,0
1051,0,0,0,1,0,0,0,112766,0,0,0,1
1052,1,0,0,1,0,0,0,51181,0,1,0,0
1053,0,0,1,1,0,0,0,45212,0,1,0,0
1054,0,0,1,1,0,0,0,45212,0,1,0,0
1055,1,0,0,1,0,0,1,85340,0,1,0,0
1056,1,0,0,1,0,0,0,169203,0,1,0,0
1057,1,0,0,1,0,0,0,72371,0,1,0,0
1058,1,0,0,1,0,0,0,169203,0,1,0,0
1059,1,0,0,0,0,1,1,71204,0,0,0,1
1060,1,0,0,0,0,1,0,53803,0,0,0,1
1061,1,0,0,0,0,1,0,32997,1,0,0,0
1062,0,0,0,1,0,0,0,123077,0,1,0,0
1063,1,1,0,0,0,1,1,33256,0,0,1,0
1064,1,0,0,0,0,1,0,53203,0,0,1,0
1065,0,0,0,1,0,0,0,50694,0,0,0,1
1066,1,0,0,1,0,0,0,123077,0,1,0,0
1067,1,1,1,0,0,0,0,44177,1,0,0,0
1068,1,1,0,0,0,1,1,34597,0,0,0,1
1069,1,0,0,0,0,1,0,58915,0,0,0,1
1070,1,1,0,0,1,0,1,57039,0,0,0,1
1071,0,1,0,1,0,0,0,56526,0,0,0,1
1072,1,1,0,0,0,1,0,37422,0,0,0,1
1073,1,0,1,0,0,0,1,39556,0,0,1,0
1074,0,0,0,0,1,1,0,34059,1,0,0,0
1075,1,0,1,0,0,0,0,54438,1,0,0,0
1076,1,0,0,0,0,1,0,37422,0,0,0,1
1077,1,0,1,0,0,0,0,35112,0,0,0,1
1078,1,0,0,1,0,0,0,51181,0,1,0,0
1079,1,1,0,0,0,1,1,70623,0,0,0,1
1080,1,0,0,0,0,1,0,31692,0,0,1,0
1081,1,0,0,1,0,0,1,48134,0,1,0,0
1082,0,0,0,1,0,0,0,49709,0,0,0,1
1083,1,0,1,0,0,0,1,58915,0,0,0,1
1084,0,0,0,1,0,0,0,65274,0,0,0,1
1085,1,1,1,0,0,0,1,207903,0,0,0,1
1086,1,0,0,1,0,0,0,41717,0,0,0,1
1087,1,0,0,1,0,0,0,31825,0,0,1,0
1089,1,0,1,0,0,1,1,70600,0,0,0,1
1090,1,0,1,0,0,0,1,70600,0,0,0,1
1091,1,0,0,1,0,0,0,43907,0,0,0,1
1092,1,0,1,0,0,0,0,72371,0,1,0,0
1093,0,0,0,1,0,0,0,204521,0,0,0,1
1094,0,0,0,1,0,0,0,55199,0,0,0,1
1095,1,0,0,1,0,0,0,57465,0,0,0,1
1096,0,0,0,1,0,0,1,71204,0,0,0,1
1097,1,0,0,1,0,1,0,30878,0,0,1,0
1098,1,0,0,1,0,0,0,64140,1,0,0,0
1099,1,0,1,0,0,0,0,30974,0,0,1,0
1100,1,0,1,1,0,0,0,33323,0,0,1,0
1101,0,0,0,1,0,0,0,50694,0,0,0,1
1102,1,0,1,0,0,0,0,112766,0,0,0,1
1103,1,0,0,0,1,1,0,64140,1,0,0,0
1104,1,0,1,0,0,0,0,39803,0,0,0,1
1105,0,0,0,1,0,0,1,114174,0,0,0,1
1106,1,0,1,0,1,0,0,207903,0,0,0,1
1107,0,0,0,1,0,0,0,47709,1,0,0,0
1108,0,0,1,1,0,0,0,44576,0,1,0,0
1109,1,0,1,1,1,0,0,45326,0,1,0,0
1110,0,0,0,0,1,0,0,47246,0,1,0,0
1111,0,0,0,1,0,0,0,28085,0,0,1,0
1112,1,0,1,0,0,0,0,39740,0,0,0,1
1113,0,0,0,1,0,0,0,47709,1,0,0,0
1115,1,0,0,1,0,0,0,30974,0,0,1,0
1116,1,0,0,1,0,0,0,308010,0,1,0,0
1117,0,1,0,0,1,0,1,144642,1,0,0,0
1118,1,0,0,1,0,0,0,47384,1,0,0,0
1119,1,1,1,0,0,0,0,308010,0,1,0,0
1120,1,0,1,1,0,0,0,47384,1,0,0,0
1121,1,1,1,1,0,0,1,89330,0,1,0,0
1122,1,0,0,1,0,0,0,39556,0,0,1,0
1123,0,0,0,1,0,0,0,41717,0,0,0,1
1124,0,0,0,1,0,0,0,47709,1,0,0,0
1125,1,0,1,0,0,0,0,31692,0,0,1,0
1126,0,0,0,1,0,0,0,70831,0,0,0,1
1127,1,1,1,0,0,0,0,57465,0,0,0,1
1128,0,0,1,1,0,0,0,36232,0,0,1,0
1129,1,0,0,1,0,0,0,204521,0,0,0,1
1130,1,0,1,0,0,0,0,41717,0,0,0,1
1132,0,0,0,1,0,0,0,58071,0,0,0,1
1133,1,0,0,1,0,0,0,34200,0,0,1,0
1134,0,0,0,1,0,0,1,71204,0,0,0,1
1135,0,0,0,0,1,0,0,33528,0,0,0,1
1136,0,0,0,0,1,0,0,112766,0,0,0,1
1137,1,0,0,1,0,0,0,35047,0,0,1,0
1138,1,0,1,0,0,0,0,54360,0,0,1,0
1139,0,0,0,1,0,0,1,71204,0,0,0,1
1140,1,0,1,0,0,0,0,45936,0,1,0,0
1141,1,0,1,1,0,0,0,31826,0,0,1,0
1142,1,0,1,1,0,0,0,31826,0,0,1,0
1143,0,0,0,1,0,0,1,67757,0,1,0,0
1144,1,0,0,1,0,0,0,43907,0,0,0,1
1145,1,0,1,1,0,0,0,39003,1,0,0,0
1146,0,0,0,1,0,0,0,35047,0,0,1,0
1147,1,0,0,1,0,0,0,51846,0,0,0,1
1148,0,0,1,1,0,0,0,52787,1,0,0,0
1149,0,0,0,1,0,0,0,45326,0,1,0,0
1150,0,0,0,1,0,0,0,31692,0,0,1,0
1151,0,0,0,1,0,0,0,37422,0,0,0,1
1152,1,0,0,1,0,0,0,27984,0,1,0,0
1153,0,0,0,1,0,0,0,46206,0,0,0,1
1154,0,0,1,1,0,0,0,123077,0,1,0,0
1155,0,0,0,1,0,0,0,29528,1,0,0,0
1156,0,0,0,1,0,0,0,71204,0,0,0,1
1157,0,1,0,0,1,0,1,85340,0,1,0,0
1158,1,0,1,0,0,0,0,34168,1,0,0,0
1159,1,0,0,1,0,0,0,47384,1,0,0,0
1160,0,1,0,0,1,1,0,125564,0,1,0,0
1161,0,0,1,1,0,0,0,39803,0,0,0,1
1162,1,0,1,1,0,0,0,47384,1,0,0,0
1163,1,0,0,1,0,0,0,53315,0,0,0,1
1164,1,0,1,0,0,0,0,33316,1,0,0,0
1165,0,0,0,0,1,0,0,32913,0,0,1,0
1166,0,0,0,1,0,0,0,204521,0,0,0,1
1167,1,0,1,0,0,0,0,30974,0,0,1,0
1168,1,0,0,1,0,0,0,112766,0,0,0,1
1169,1,1,1,0,0,0,0,46206,0,0,0,1
1170,0,0,0,1,0,0,0,50694,0,0,0,1
1171,1,0,1,1,0,0,0,92580,0,0,0,1
1172,1,0,1,1,0,0,0,31825,0,0,1,0
1173,1,1,1,0,0,0,0,47709,1,0,0,0
1174,1,0,0,1,0,0,0,29573,0,0,1,0
1175,1,0,0,1,0,0,1,85340,0,1,0,0
1176,0,0,0,1,0,0,0,54460,0,0,0,1
1177,0,0,0,1,0,0,0,53315,0,0,0,1
1178,0,0,1,1,0,0,0,36232,0,0,1,0
1179,1,0,0,1,0,0,0,32997,1,0,0,0
1180,0,0,0,1,0,0,0,70831,0,0,0,1
1181,0,0,0,1,0,0,0,39803,0,0,0,1
1182,0,1,0,0,1,0,1,45326,0,1,0,0
1183,0,0,0,1,0,0,0,32913,0,0,1,0
1184,1,0,1,0,0,0,0,204521,0,0,0,1
1185,1,0,0,1,0,0,0,51846,0,0,0,1
1186,1,0,0,1,0,0,0,34904,0,1,0,0
1187,1,0,1,1,1,0,0,40588,0,0,0,1
1188,0,0,0,1,0,0,0,41717,0,0,0,1
1189,1,0,0,1,0,0,0,92580,0,0,0,1
1190,1,0,0,1,0,0,0,35047,0,0,1,0
1191,1,0,0,1,0,0,0,99055,1,0,0,0
1192,1,0,1,0,0,0,0,31692,0,0,1,0
1193,1,0,1,1,0,0,0,72371,0,1,0,0
1194,0,0,0,1,0,0,0,169203,0,1,0,0
1195,1,1,0,1,0,0,0,54324,0,0,0,1
1196,1,0,1,1,0,0,0,36232,0,0,1,0
1197,0,0,0,1,0,0,1,114174,0,0,0,1
1198,1,0,0,1,0,0,0,207903,0,0,0,1
1199,1,0,1,1,0,0,0,57465,0,0,0,1
1200,1,0,1,0,0,0,1,58915,0,0,0,1
1201,1,1,1,0,0,0,0,40588,0,0,0,1
1202,1,0,1,0,0,0,0,36232,0,0,1,0
1203,1,0,1,0,0,0,1,85340,0,1,0,0
1204,1,0,0,1,0,0,0,43907,0,0,0,1
1205,1,1,1,0,0,0,0,33528,0,0,0,1
1206,1,1,1,0,0,0,0,51181,0,1,0,0
1207,0,1,0,0,1,0,0,44557,0,0,0,1
1208,1,0,0,0,0,1,0,32815,1,0,0,0
1209,0,0,1,1,0,0,0,72371,0,1,0,0
1210,1,1,1,0,0,0,0,92580,0,0,0,1
1211,0,0,1,1,0,0,0,44576,0,1,0,0
1212,0,0,1,0,0,0,1,31825,0,0,1,0
1213,1,0,1,0,0,1,0,51181,0,1,0,0
1214,1,1,1,0,0,0,0,44718,0,0,1,0
1215,1,0,1,0,0,0,0,204521,0,0,0,1
1216,1,0,1,0,0,0,0,204521,0,0,0,1
1217,0,1,1,0,0,0,0,46206,0,0,0,1
1218,1,0,1,1,0,0,1,57039,0,0,0,1
1219,1,0,1,0,0,0,0,26793,0,0,1,0
1220,1,0,1,0,0,0,0,165047,0,0,0,1
1221,0,0,0,0,1,0,0,36232,0,0,1,0
1221,0,0,0,0,1,0,0,36232,0,0,1,0
1222,0,0,0,1,0,0,0,34768,0,1,0,0
1223,1,0,1,0,0,0,0,92580,0,0,0,1
1224,1,0,1,0,0,1,0,207903,0,0,0,1
1225,0,0,0,1,0,0,0,54324,0,0,0,1
1226,1,0,1,0,0,0,0,308010,0,1,0,0
1227,1,0,0,0,1,0,0,65274,0,0,0,1
1228,1,0,1,0,0,0,0,31771,1,0,0,0
1229,1,1,0,0,0,1,0,35786,0,1,0,0
1230,1,0,0,1,0,0,0,58071,0,0,0,1
1231,1,0,1,1,0,0,0,64140,1,0,0,0
1232,0,0,1,1,0,0,1,114174,0,0,0,1
1233,1,0,1,1,0,0,1,40972,0,0,1,0
1234,1,0,1,0,0,0,0,58071,0,0,0,1
1235,1,0,0,1,0,0,1,67757,0,1,0,0
1236,0,0,0,1,0,0,0,49709,1,0,0,0
1237,0,1,0,0,1,0,0,47246,0,1,0,0
1238,0,0,1,1,0,0,0,44718,0,0,1,0
1239,0,0,0,1,0,0,0,31692,0,0,1,0
1240,0,0,0,1,0,0,0,169203,0,1,0,0
1241,1,0,1,0,0,0,0,36232,0,0,1,0
1242,0,0,0,1,0,0,0,31692,0,0,1,0
1243,1,0,0,1,0,0,0,123077,0,1,0,0
1244,1,0,0,1,0,0,0,51846,0,0,0,1
1245,0,0,0,1,0,0,0,50694,0,0,0,1
1246,1,0,0,1,0,0,0,35786,0,1,0,0
1247,0,1,0,0,1,0,0,85099,0,1,0,0
1248,0,0,0,0,1,0,0,32724,0,1,0,0
1249,1,0,0,1,0,0,0,45737,0,0,0,1
1250,1,0,1,0,0,0,0,123077,0,1,0,0
1251,0,0,0,1,0,0,0,92580,0,0,0,1
1252,1,1,1,0,0,0,0,308010,0,1,0,0
1253,0,0,0,0,1,0,0,29958,1,0,0,0
1254,1,1,1,0,0,0,0,39740,0,0,0,1
1255,1,0,1,1,0,0,0,47709,1,0,0,0
1256,0,0,0,1,0,0,1,207903,0,0,0,1
1257,0,0,1,1,0,0,0,123077,0,1,0,0
1258,1,0,0,1,0,0,0,169203,0,1,0,0
1259,1,0,1,0,0,0,0,26793,0,0,1,0
1260,1,0,1,0,0,0,0,92580,0,0,0,1
1261,0,0,0,1,0,0,0,47384,1,0,0,0
1262,0,0,0,1,0,0,0,47384,1,0,0,0
1263,0,1,0,0,1,0,1,58915,0,0,0,1
1264,1,1,1,0,0,0,1,52787,1,0,0,0
1265,0,0,1,1,0,0,0,72371,0,1,0,0
1266,1,0,1,1,0,0,0,43907,0,0,0,1
1267,1,0,1,0,0,0,0,31692,0,0,1,0
1268,0,0,0,0,1,0,0,67757,0,1,0,0
1269,1,1,1,0,0,0,0,54324,0,0,0,1
1270,1,0,1,1,0,0,0,54360,0,0,1,0
1271,1,1,1,0,0,0,0,28085,0,0,1,0
1272,0,1,0,0,1,0,0,207903,0,0,0,1
1272,0,1,0,0,1,0,0,207903,0,0,0,1
1273,0,1,0,0,1,0,1,45326,0,1,0,0
1274,1,0,1,0,0,0,0,34768,0,1,0,0
1275,1,0,1,0,0,0,0,100516,0,1,0,0
1276,1,0,1,0,0,0,0,100516,0,1,0,0
1277,1,0,1,0,0,0,0,100516,0,1,0,0
1278,1,0,1,0,0,0,0,32997,1,0,0,0
1279,0,0,0,0,1,0,0,35047,0,0,1,0
1280,1,0,1,1,0,0,0,54045,0,0,1,0
1281,0,1,0,0,1,0,0,56526,0,0,0,1
1282,1,1,1,0,1,0,0,63012,0,0,0,1
1283,0,0,0,1,0,0,0,165047,0,0,0,1
1284,0,1,0,0,1,0,0,70600,0,0,0,1
1285,0,0,0,1,0,0,0,123077,0,1,0,0
1286,0,0,1,1,0,0,0,44718,0,0,1,0
1287,0,0,0,1,0,0,0,48511,0,0,0,1
1288,0,0,0,1,0,0,0,64140,1,0,0,0
1289,1,0,1,1,0,0,0,47709,1,0,0,0
1290,1,0,0,1,0,0,0,35207,0,0,0,1
1291,1,0,1,0,0,0,0,71888,0,0,0,1
1292,1,0,0,1,0,0,0,43907,0,0,0,1
1294,1,0,0,1,0,0,0,52787,1,0,0,0
1295,0,0,0,1,0,0,0,165047,0,0,0,1
1296,1,0,0,1,0,0,0,63012,0,0,0,1
1297,1,0,1,1,0,0,0,101551,1,0,0,0
1298,0,0,0,1,0,0,0,30430,0,0,0,1
1299,1,0,0,1,0,0,0,33256,0,0,1,0
1300,1,0,1,1,0,0,0,36232,0,0,1,0
1301,0,1,0,0,1,1,1,85340,0,1,0,0
1302,1,1,1,0,0,0,0,58071,0,0,0,1
1303,0,0,0,1,0,0,0,52035,0,1,0,0
1304,1,0,1,0,1,0,1,57039,0,0,0,1
1305,0,0,0,1,0,0,0,71888,0,0,0,1
1306,1,0,1,0,0,0,0,36232,0,0,1,0
1307,1,0,0,1,0,0,0,32913,0,0,1,0
1308,0,0,0,1,0,0,1,207903,0,0,0,1
1309,0,0,0,1,0,0,0,39003,1,0,0,0
1310,1,1,1,0,0,0,0,26793,0,0,1,0
1311,1,0,0,1,0,0,0,31825,0,0,1,0
1312,1,0,1,1,0,0,0,26793,0,0,1,0
1313,0,0,0,1,0,0,0,36346,0,1,0,0
1314,0,0,0,1,0,0,0,71204,0,0,0,1
1315,1,0,1,1,0,0,1,71204,0,0,0,1
1316,1,0,1,0,0,0,0,34059,1,0,0,0
1317,0,0,0,1,0,0,0,123077,0,1,0,0
1318,0,0,0,1,0,0,0,92580,0,0,0,1
1319,1,0,1,0,0,0,0,43907,0,0,0,1
1320,0,0,0,1,0,0,0,57465,0,0,0,1
1321,1,0,0,1,0,0,0,32913,0,0,1,0
1322,1,0,0,1,0,0,0,47002,1,0,0,0
1323,1,0,0,1,0,0,0,51846,0,0,0,1
1324,0,0,0,1,0,0,0,53803,0,0,0,1
1325,0,0,0,1,0,0,0,39803,0,0,0,1
1326,0,0,0,1,0,0,0,54360,0,0,1,0
1327,0,0,0,1,0,0,0,169203,0,1,0,0
1328,0,0,0,1,0,0,1,89330,0,1,0,0
1329,0,0,0,1,0,0,0,204521,0,0,0,1
1330,1,0,1,0,0,0,0,28875,0,1,0,0
1331,0,0,0,1,0,0,0,165047,0,0,0,1
1332,1,0,1,0,0,0,0,53803,0,0,0,1
1333,1,1,1,1,0,0,0,57465,0,0,0,1
1334,1,0,1,0,0,0,0,123077,0,1,0,0
1335,1,0,1,1,0,0,0,33323,0,0,1,0
1336,1,0,1,0,0,0,0,56526,0,0,0,1
1337,0,0,1,0,0,0,1,70623,0,0,0,1
1338,0,0,0,1,0,0,1,40972,0,0,1,0
1339,0,0,0,1,0,0,0,71888,0,0,0,1
1340,1,0,1,0,0,0,0,47709,1,0,0,0
1341,0,0,0,1,0,0,0,123077,0,1,0,0
1342,1,0,0,1,0,0,0,92580,0,0,0,1
1343,0,0,0,1,0,0,0,165047,0,0,0,1
1344,1,0,0,1,0,0,0,43907,0,0,0,1
1345,1,0,1,1,0,0,0,38527,0,1,0,0
1346,1,0,1,1,0,0,0,38527,0,1,0,0
1347,0,0,0,1,0,0,1,71204,0,0,0,1
1348,0,0,0,1,0,0,0,204521,0,0,0,1
1349,1,0,0,1,0,0,0,58071,0,0,0,1
1350,0,0,1,1,0,0,0,72371,0,1,0,0
1351,0,0,0,1,0,0,0,123077,0,1,0,0
1352,0,0,1,1,0,0,0,57465,0,0,0,1
1353,1,0,1,1,0,0,0,45326,0,1,0,0
1354,1,0,1,1,0,0,0,123077,0,1,0,0
1355,1,0,1,0,0,0,1,114174,0,0,0,1
1356,0,1,0,1,0,0,0,38527,0,1,0,0
1357,1,1,1,1,0,0,0,45212,0,1,0,0
1358,1,0,1,1,0,0,0,39803,0,0,0,1
1359,0,0,0,1,0,0,1,89330,0,1,0,0
1360,1,0,1,1,0,0,0,47709,1,0,0,0
1361,1,1,1,0,0,0,0,29573,0,0,1,0
1362,0,0,0,1,0,0,1,207903,0,0,0,1
1363,0,0,0,1,0,0,0,111730,0,1,0,0
1364,1,0,1,1,0,0,0,54360,0,0,1,0
1365,1,0,0,1,0,0,0,204521,0,0,0,1
1366,1,1,1,0,0,0,0,71204,0,0,0,1
1367,0,0,0,1,0,0,0,125564,0,1,0,0
1368,1,0,0,1,0,0,0,30878,0,0,1,0
1369,1,0,0,1,0,0,1,48134,0,1,0,0
1370,1,0,1,0,1,0,0,52787,1,0,0,0
1371,0,0,0,1,0,0,0,46206,0,0,0,1
1372,0,1,0,0,1,0,0,35047,0,0,1,0
1373,1,0,1,1,0,0,0,45212,0,1,0,0
1374,0,0,0,1,0,0,0,37422,0,0,0,1
1375,1,0,0,1,0,0,1,30878,0,0,1,0
1376,1,0,1,0,0,0,1,70623,0,0,0,1
1377,1,0,0,1,0,0,0,35047,0,0,1,0
1378,1,0,0,1,0,0,0,55199,0,0,0,1
1379,1,0,1,0,0,0,0,47384,1,0,0,0
1380,1,0,0,0,0,1,0,34904,0,1,0,0
1381,1,0,0,1,0,0,0,54360,0,0,1,0
1382,1,0,0,1,0,0,0,51846,0,0,0,1
1383,1,0,0,1,0,0,0,92580,0,0,0,1
1384,1,0,0,1,0,0,0,39740,0,0,0,1
1385,1,0,0,1,0,0,0,169203,0,1,0,0
1386,1,0,0,1,0,0,0,165047,0,0,0,1
1387,1,0,0,1,0,0,0,46206,0,0,0,1
1388,1,1,1,1,0,0,0,51181,0,1,0,0
1389,1,0,0,1,0,0,1,85340,0,1,0,0
1390,1,0,0,1,0,0,1,67757,0,1,0,0
1391,1,0,1,0,0,0,0,112766,0,0,0,1
1392,1,0,1,1,0,0,0,47709,1,0,0,0
1393,1,0,0,1,0,0,0,51846,0,0,0,1
1394,1,0,1,1,0,0,0,36674,1,0,0,0
1395,1,0,0,1,0,0,0,47710,0,0,0,1
1396,1,0,0,1,0,0,0,35207,0,0,0,1
1397,1,0,0,1,0,0,0,46206,0,0,0,1
1398,1,0,0,1,0,0,0,39740,0,0,0,1
1399,1,1,1,0,0,0,0,112766,0,0,0,1
1400,1,0,0,1,0,0,0,92580,0,0,0,1
1401,1,0,0,1,0,0,0,26793,0,0,1,0
1402,0,0,0,0,1,1,0,125564,0,1,0,0
1403,0,0,0,1,0,0,0,53203,0,0,1,0
1404,0,0,1,1,0,0,0,54045,0,0,1,0
1405,1,0,0,1,0,0,0,32997,1,0,0,0
1406,1,0,0,1,0,0,0,71888,0,0,0,1
1407,1,0,0,1,0,0,0,123077,0,1,0,0
1408,1,0,0,1,0,0,0,169203,0,1,0,0
1409,1,0,0,1,0,0,0,44576,0,1,0,0
1410,1,0,0,1,0,0,0,35112,0,0,0,1
1411,1,1,1,0,1,0,0,112766,0,0,0,1
1412,1,0,1,0,0,0,0,45326,0,1,0,0
1413,1,0,0,0,0,1,0,35047,0,0,1,0
1414,1,0,0,0,1,0,0,204521,0,0,0,1
1415,1,0,0,1,0,0,0,44576,0,1,0,0
1416,1,0,0,1,0,0,0,169203,0,1,0,0
1417,1,0,1,1,0,0,0,47709,1,0,0,0
1418,1,0,0,1,0,0,0,55225,0,0,0,1
1419,1,0,0,1,0,0,0,111730,0,1,0,0
1420,1,0,0,1,0,0,0,45326,0,1,0,0
1421,0,0,0,1,0,0,1,71204,0,0,0,1
1422,1,0,0,1,0,0,0,85099,0,1,0,0
1423,0,0,0,1,0,0,1,57039,0,0,0,1
1424,0,0,0,1,0,0,0,55225,0,0,0,1
1425,1,0,1,0,0,0,0,36346,0,1,0,0
1426,0,0,0,1,0,0,0,54460,0,0,0,1
1427,0,0,1,0,0,0,0,47384,1,0,0,0
1428,1,0,0,1,0,0,0,35112,0,0,0,1
1429,1,0,1,1,0,0,0,30974,0,0,1,0
1430,1,1,0,1,0,0,0,31826,0,0,1,0
1431,1,0,0,1,0,0,0,64140,1,0,0,0
1432,1,0,0,1,0,0,1,67757,0,1,0,0
1433,1,0,0,1,0,0,0,58071,0,0,0,1
1434,0,0,0,1,0,0,0,34168,0,1,0,0
1435,1,0,0,1,0,0,1,85340,0,1,0,0
1436,1,0,0,1,0,0,0,58071,0,0,0,1
1437,1,0,0,1,0,0,0,73253,0,0,0,1
1438,1,0,0,1,0,0,0,54360,0,0,1,0
1439,1,0,0,1,0,0,0,51846,0,0,0,1
1440,1,1,1,0,0,0,0,52787,1,0,0,0
1441,1,1,0,0,0,1,0,100516,0,1,0,0
1442,1,0,0,1,0,0,0,308010,0,1,0,0
1443,1,0,0,1,0,0,0,112766,0,0,0,1
1444,1,0,0,1,0,0,0,70600,0,0,0,1
1445,1,0,0,1,0,0,0,45326,0,1,0,0
1446,1,0,1,0,0,0,0,35207,0,0,0,1
1447,1,0,0,1,0,0,1,70623,0,0,0,1
1448,1,0,0,1,0,0,0,50694,0,0,0,1
1449,1,0,0,1,0,0,0,112766,0,0,0,1
1450,1,0,0,1,0,0,0,34200,0,0,1,0
1451,1,0,0,1,0,0,0,111730,0,1,0,0
1452,0,1,1,1,1,0,0,30827,1,0,0,0
1453,1,0,0,0,0,1,0,29573,0,0,1,0
1454,1,0,1,1,0,0,0,54360,0,0,1,0
1455,1,0,0,1,0,0,0,125564,0,1,0,0
1456,1,0,0,1,0,0,0,57465,0,0,0,1
1457,1,0,0,1,0,0,0,308010,0,1,0,0
1458,1,0,0,1,0,0,0,53803,0,0,0,1
1459,1,0,0,1,0,0,0,54360,0,0,1,0
1460,1,0,0,1,0,0,0,39803,0,0,0,1
1461,1,1,1,1,0,0,0,54360,0,0,1,0
1462,1,0,0,1,0,0,0,169203,0,1,0,0
1463,0,0,0,1,0,0,0,169203,0,1,0,0
1464,0,0,0,1,0,0,0,169203,0,1,0,0
1465,0,0,0,1,0,0,0,111730,0,1,0,0
1466,1,0,0,1,0,0,0,54360,0,0,1,0
1467,0,0,1,1,0,0,0,72371,0,1,0,0
1468,0,0,0,1,0,0,0,32997,1,0,0,0
1469,0,0,1,1,0,0,0,36232,0,0,1,0
1470,1,0,0,1,0,0,0,101551,1,0,0,0
1471,1,0,0,1,0,0,0,44576,0,1,0,0
1472,1,0,0,1,0,0,0,34200,0,0,1,0
1473,0,1,0,1,0,0,0,52787,1,0,0,0
1474,0,0,1,1,0,0,0,31800,1,0,0,0
1475,1,1,1,0,0,0,0,35112,0,0,0,1
1476,1,0,0,1,0,0,0,50694,0,0,0,1
1477,1,0,1,1,0,0,0,49709,0,0,0,1
1478,1,0,0,1,0,0,0,31826,0,0,1,0
1479,1,0,0,1,0,0,0,123077,0,1,0,0
1480,1,0,1,1,0,0,0,54360,0,0,1,0
1481,0,0,0,1,0,0,0,54045,0,0,1,0
1482,1,0,0,1,0,0,0,26793,0,0,1,0
1483,1,0,0,1,0,0,0,71204,0,0,0,1
1484,1,1,0,1,0,0,0,54460,0,0,0,1
1484,1,1,0,1,0,0,0,54460,0,0,0,1
1485,1,0,0,1,0,0,0,65274,0,0,0,1
1486,1,0,1,0,0,0,0,92580,0,0,0,1
1487,1,0,0,1,0,0,0,92580,0,0,0,1
1488,1,0,0,1,0,0,0,64140,1,0,0,0
1489,1,0,0,1,0,0,0,41717,0,0,0,1
1490,1,0,0,1,0,0,0,51846,0,0,0,1
1491,0,0,1,1,0,0,0,100516,0,1,0,0
1492,0,0,1,1,0,0,0,31825,0,0,1,0
1493,0,0,0,1,0,0,0,71888,0,0,0,1
1494,1,0,1,1,0,0,0,47384,1,0,0,0
1495,1,0,0,1,0,0,0,207903,0,0,0,1
1496,1,0,0,1,0,0,1,85340,0,1,0,0
1497,1,0,1,1,0,0,0,26793,0,0,1,0
1498,1,0,1,1,0,0,0,54360,0,0,1,0
1499,1,0,0,1,0,0,0,50694,0,0,0,1
1500,0,0,0,1,0,0,0,85099,0,1,0,0
1501,1,0,0,1,0,0,0,71888,0,0,0,1
1502,1,1,1,1,0,0,0,26793,0,0,1,0
1503,1,0,0,1,0,0,0,40588,0,0,0,1
1504,1,0,0,1,0,0,0,44718,0,0,1,0
1505,1,0,1,0,0,0,0,29528,1,0,0,0
1506,1,1,1,0,0,0,0,55225,0,0,0,1
1507,1,0,0,1,0,0,0,30878,0,0,1,0
1508,1,0,0,1,0,0,0,44557,0,0,0,1
1509,1,0,0,1,0,0,0,65274,0,0,0,1
1510,1,0,0,1,0,0,0,53803,0,0,0,1
1511,1,0,0,1,0,0,0,57465,0,0,0,1
1512,1,1,1,0,0,0,1,114174,0,0,0,1
1513,1,0,0,1,0,0,0,71204,0,0,0,1
1514,0,1,0,0,1,0,1,70600,0,0,0,1
1516,0,1,0,0,1,0,0,70831,0,0,0,1
1517,1,0,1,1,0,0,0,26793,0,0,1,0
1518,1,0,0,1,0,0,1,85340,0,1,0,0
1519,1,0,0,1,0,0,0,169203,0,1,0,0
1520,1,0,0,1,0,0,0,53803,0,0,0,1
1521,0,1,0,1,0,0,0,54360,0,0,1,0
1521,0,1,0,1,0,0,0,54360,0,0,1,0
1522,0,0,1,1,0,0,0,111730,0,1,0,0
1523,1,0,0,1,0,0,0,112766,0,0,0,1
1524,1,0,1,1,0,0,0,308010,0,1,0,0
1525,0,0,0,1,0,0,0,308010,0,1,0,0
1526,1,0,0,1,0,0,0,43907,0,0,0,1
1527,1,0,0,1,0,0,0,53803,0,0,0,1
1528,1,0,0,1,0,0,0,53315,0,0,0,1
1529,1,0,0,1,0,0,0,169203,0,1,0,0
1530,1,0,1,1,0,0,0,54438,1,0,0,0
1531,1,0,0,1,0,0,0,99055,1,0,0,0
1532,1,0,0,1,0,0,0,36232,0,0,1,0
1533,1,0,1,1,0,0,0,54360,0,0,1,0
1534,1,0,1,1,0,0,0,39003,1,0,0,0
1535,1,0,1,1,0,0,0,36232,0,0,1,0
1536,1,0,0,0,1,0,0,43907,0,0,0,1
1537,1,0,0,0,0,1,0,47709,1,0,0,0
1538,1,0,0,0,0,1,0,30731,1,0,0,0
1539,0,0,0,1,0,0,0,308010,0,1,0,0
1540,1,1,0,0,1,0,0,53583,0,0,0,1
