<?xml version='1.0'?><metadata xml:lang='en'><Esri><CreaDate>20141022</CreaDate><CreaTime>04102323</CreaTime><ArcGISFormat>1.0</ArcGISFormat><SyncOnce>TRUE</SyncOnce><ModDate>20141027</ModDate><ModTime>02105252</ModTime><DataProperties><coordRef><csUnits>Decimal Degree</csUnits><geogcsn>WGS 84</geogcsn><peXml><wktVar>&lt;ProjectedCoordinateSystem&gt;&lt;WKT&gt;GEOGCS[&quot;WGS 84&quot;,DATUM[&quot;World Geodetic System 1984 [EPSG ID 6326]&quot;,SPHEROID[&quot;WGS 84 [EPSG ID 7030]&quot;,6378137.0,298.257223563]],PRIMEM[&quot;Greenwich&quot;,0.0],UNIT[&quot;Decimal Degree&quot;,0.01745329251994328]]&lt;/WKT&gt;&lt;XOrigin&gt;-85&lt;/XOrigin&gt;&lt;YOrigin&gt;40&lt;/YOrigin&gt;&lt;XYScale&gt;100000000&lt;/XYScale&gt;&lt;ZOrigin&gt;0&lt;/ZOrigin&gt;&lt;ZScale&gt;1&lt;/ZScale&gt;&lt;MOrigin&gt;0&lt;/MOrigin&gt;&lt;MScale&gt;1&lt;/MScale&gt;&lt;XYTolerance&gt;.00000002&lt;/XYTolerance&gt;&lt;ZTolerance&gt;0&lt;/ZTolerance&gt;&lt;MTolerance&gt;0&lt;/MTolerance&gt;&lt;HighPrecision&gt;&lt;/HighPrecision&gt;&lt;/ProjectedCoordinateSystem&gt;&lt;/peXml&gt;</wktVar></peXml></coordRef></DataProperties></Esri><idinfo><citation><citeinfo><title>none</title><origin>City Planning</origin><pubdate>09-05-2011</pubdate></citeinfo></citation></idinfo><dataIdInfo><themeKeys><keyword>zoning bylaw</keyword><keyword>land use</keyword><keyword>height</keyword><keyword>size</keyword><keyword>building location mapping</keyword></themeKeys><idPurp>Zoning Bylaw - Zone. Zoning Bylaw - Coverage OverlayCity-wide. Zoning Bylaw No. 569-2013 regulates the use of land, the size and location of buildingsand parking across the City.</idPurp><idAbs>This dataset contains ESRI shape files that are part of the Zoning By-law 569-2013, approved byCouncil and the Ontario Municipal Board (0MB).The Zoning By-law is City-wide that consolidated 43 former zoning by-laws from the formermunicipalities. This dataset is a spatial representation of the Zoning By-law and must be read inconjunction with the text of the Zoning By-law.The city-wide
zoning bylaw regulates the use, size, height, density and location of buildings onproperties in the City.</idAbs><idCitation><resTitle>CITYGCS.ZBL_ZONE</resTitle></idCitation><resConst><Consts><useLimit>Source must be credited. Cannot be re-sold</useLimit></Consts></resConst><dataExt><geoEle><GeoBndBox><westBL>-82</westBL><eastBL>-77.8</eastBL><northBL>45.2</northBL><southBL>42</southBL></GeoBndBox></geoEle></dataExt><idPoC><rpIndName>Open  Data Team</rpIndName><rpOrgName>City of Toronto</rpOrgName><rpCntInfo><cntAddress><eMailAdd>opendata@toronto.ca</eMailAdd></cntAddress></rpCntInfo><role><RoleCd value='005'></RoleCd></role></idPoC></dataIdInfo><metainfo><D>99</D><langmeta>en</langmeta><mdDateSt><CreaDate>20141022 04102323</CreaDate></mdDateSt></metainfo><distinfo></distinfo><spdoinfo><ptvctinf><esriterm><efeatyp>Feature Class</efeatyp><efeageom>Line</efeageom></esriterm></ptvctinf></spdoinfo><mdContact><rpOrgName>Geospatial Competency Centre</rpOrgName><rpIndName>.</rpIndName><rpCntInfo><cntAddress><city>Toronto</city><delPoint>18 Dyas Rd,  3rd Floor</delPoint><eMailAdd>gcc@toronto.ca</eMailAdd><postCode>M3B 1V5</postCode><adminArea>ON</adminArea></cntAddress><cntPhone><voiceNum>416-392-2506</voiceNum><faxNum>416-397-4900</faxNum></cntPhone></rpCntInfo><rpPosName>.</rpPosName></mdContact><eainfo><detailed><enttyp><enttypt>Feature Class</enttypt><enttypl>CITYGCS.ZBL_ZONE</enttypl><enttypc>16100</enttypc></enttyp><attr><attrlabl>OBJECTID</attrlabl><attalias>OBJECTID</attalias><attrtype>NUMBER</attrtype><attwidth>22</attwidth><attrdef>Unique system identifier</attrdef></attr><attr><attrlabl>GEN_ZONE</attrlabl><attalias>GEN_ZONE</attalias><attrtype>NUMBER</attrtype><attwidth>22</attwidth><attrdef>Type of Zone</attrdef></attr><attr><attrlabl>ZN_ZONE</attrlabl><attalias>ZN_ZONE</attalias><attrtype>VARCHAR2</attrtype><attwidth>15</attwidth><attrdef>Specific Zone</attrdef></attr><attr><attrlabl>ZN_HOLDING</attrlabl><attalias>ZN_HOLDING</attalias><attrtype>VARCHAR2</attrtype><attwidth>1</attwidth></attr><attr><attrlabl>HOLDING_ID</attrlabl><attalias>HOLDING_ID</attalias><attrtype>NUMBER</attrtype><attwidth>22</attwidth><attrdef>Holding By-law ID</attrdef></attr><attr><attrlabl>FRONTAGE</attrlabl><attalias>FRONTAGE</attalias><attrtype>NUMBER</attrtype><attwidth>22</attwidth><attrdef>Minimum Lot Frontage</attrdef></attr><attr><attrlabl>ZN_AREA</attrlabl><attalias>ZN_AREA</attalias><attrtype>NUMBER</attrtype><attwidth>22</attwidth></attr><attr><attrlabl>UNITS</attrlabl><attalias>UNITS</attalias><attrtype>NUMBER</attrtype><attwidth>22</attwidth><attrdef>Number of dwelling units permitted</attrdef></attr><attr><attrlabl>DENSITY</attrlabl><attalias>DENSITY</attalias><attrtype>NUMBER</attrtype><attwidth>22</attwidth><attrdef>Ratio of building floor area to lot area</attrdef></attr><attr><attrlabl>COVERAGE</attrlabl><attalias>COVERAGE</attalias><attrtype>NUMBER</attrtype><attwidth>22</attwidth><attrdef>Percent of lot covered by buildings</attrdef></attr><attr><attrlabl>FSI_TOTAL</attrlabl><attalias>FSI_TOTAL</attalias><attrtype>NUMBER</attrtype><attwidth>22</attwidth></attr><attr><attrlabl>PRCNT_COMM</attrlabl><attalias>PRCNT_COMM</attalias><attrtype>NUMBER</attrtype><attwidth>22</attwidth><attrdef>Percent Commercial floor area</attrdef></attr><attr><attrlabl>PRCNT_RES</attrlabl><attalias>PRCNT_RES</attalias><attrtype>NUMBER</attrtype><attwidth>22</attwidth><attrdef>Percent Residential floor area</attrdef></attr><attr><attrlabl>PRCNT_EMMP</attrlabl><attalias>PRCNT_EMMP</attalias><attrtype>NUMBER</attrtype><attwidth>22</attwidth><attrdef>Percent employment floor area</attrdef></attr><attr><attrlabl>PRCNT_OFFC</attrlabl><attalias>PRCNT_OFFC</attalias><attrtype>NUMBER</attrtype><attwidth>22</attwidth><attrdef>Percent office floor area</attrdef></attr><attr><attrlabl>ZN_EXCPTN</attrlabl><attalias>ZN_EXCPTN</attalias><attrtype>VARCHAR2</attrtype><attwidth>1</attwidth></attr><attr><attrlabl>EXCEPTN_NO</attrlabl><attalias>EXCEPTN_NO</attalias><attrtype>NUMBER</attrtype><attwidth>22</attwidth><attrdef>Exception ID</attrdef></attr><attr><attrlabl>STAND_SET</attrlabl><attalias>STAND_SET</attalias><attrtype>NUMBER</attrtype><attwidth>22</attwidth><attrdef>Deveklopment Standard ID for Commercial</attrdef></attr><attr><attrlabl>ZN_STATUS</attrlabl><attalias>ZN_STATUS</attalias><attrtype>NUMBER</attrtype><attwidth>22</attwidth></attr><attr><attrlabl>ZN_STRING</attrlabl><attalias>ZN_STRING</attalias><attrtype>VARCHAR2</attrtype><attwidth>255</attwidth></attr><attr><attrlabl>AREA_UNITS</attrlabl><attalias>AREA_UNITS</attalias><attrtype>NUMBER</attrtype><attwidth>22</attwidth><attrdef>Area Units</attrdef></attr><attr><attrlabl>ZBL_CHAPTR</attrlabl><attalias>ZBL_CHAPTR</attalias><attrtype>VARCHAR2</attrtype><attwidth>60</attwidth><attrdef>Reference to Chapter</attrdef></attr><attr><attrlabl>ZBL_SECTN</attrlabl><attalias>ZBL_SECTN</attalias><attrtype>VARCHAR2</attrtype><attwidth>60</attwidth><attrdef>Reference to Section</attrdef></attr><attr><attrlabl>ZBL_EXCPTN</attrlabl><attalias>ZBL_EXCPTN</attalias><attrtype>VARCHAR2</attrtype><attwidth>60</attwidth><attrdef>Reference to Exception</attrdef></attr><attr><attrlabl>SHAPE</attrlabl><attalias>SHAPE</attalias><attrtype>SDO_GEOMETRY</attrtype><attwidth>64</attwidth></attr></detailed></eainfo><spatRepInfo><VectSpatRep><geometObjs><geoObjCnt>16100</geoObjCnt></geometObjs></VectSpatRep></spatRepInfo></metadata>