<?xml version='1.0'?><metadata xml:lang='en'><Esri><CreaDate>20121128</CreaDate><CreaTime>09211700</CreaTime><ArcGISFormat>1.0</ArcGISFormat><SyncOnce>TRUE</SyncOnce><DataProperties><coordRef><csUnits>Decimal Degree</csUnits><geogcsn>WGS 84</geogcsn><peXml><wktVar>&lt;ProjectedCoordinateSystem&gt;&lt;WKT&gt;GEOGCS[&quot;WGS 84&quot;,DATUM[&quot;World Geodetic System 1984 [EPSG ID 6326]&quot;,SPHEROID[&quot;WGS 84 [EPSG ID 7030]&quot;,6378137.0,298.257223563]],PRIMEM[&quot;Greenwich&quot;,0.0],UNIT[&quot;Decimal Degree&quot;,0.01745329251994328]]&lt;/WKT&gt;&lt;XOrigin&gt;-85&lt;/XOrigin&gt;&lt;YOrigin&gt;40&lt;/YOrigin&gt;&lt;XYScale&gt;100000000&lt;/XYScale&gt;&lt;ZOrigin&gt;0&lt;/ZOrigin&gt;&lt;ZScale&gt;1&lt;/ZScale&gt;&lt;MOrigin&gt;0&lt;/MOrigin&gt;&lt;MScale&gt;1&lt;/MScale&gt;&lt;XYTolerance&gt;.00000002&lt;/XYTolerance&gt;&lt;ZTolerance&gt;0&lt;/ZTolerance&gt;&lt;MTolerance&gt;0&lt;/MTolerance&gt;&lt;HighPrecision&gt;&lt;/HighPrecision&gt;&lt;/ProjectedCoordinateSystem&gt;&lt;/peXml&gt;</wktVar></peXml></coordRef></DataProperties></Esri><idinfo><citation><citeinfo><title>none</title><origin>CIty Planning</origin><pubdate>09-05-2013</pubdate></citeinfo></citation></idinfo><dataIdInfo><themeKeys><keyword>zoning bylaw land use height size building location mapping</keyword></themeKeys><idPurp>Zoning Bylaw - Rooming House Overlay. Zoning Bylaw - Coverage OverlayCity-wide. Zoning Bylaw No. 569-2013 regulates the use of land, the size and location of buildingsand parking across the City.</idPurp><idAbs>This dataset contains ESRI shape files that are part of the Zoning By-law 569-2013, approved byCouncil and the Ontario Municipal Board (0MB).The Zoning By-law is City-wide that consolidated 43 former zoning by-laws from the formermunicipalities. This dataset is a spatial representation of the Zoning By-law and must be read inconjunction with the text of the Zoning By-law.The city-wide zoning bylaw regulates the use, size, height, density and location of buildings onproperties in the City.</idAbs><idCitation><resTitle>CITYGCS.ZBL_ROOMINGHOUSE</resTitle></idCitation><resConst><Consts><useLimit>Source must be credited. Cannot be re-sold</useLimit></Consts></resConst><dataExt><geoEle><GeoBndBox><westBL>-82</westBL><eastBL>-77.8</eastBL><northBL>45.2</northBL><southBL>42</southBL></GeoBndBox></geoEle></dataExt><idPoC><rpIndName>Open Data Team</rpIndName><rpOrgName>City of Toronto</rpOrgName><rpCntInfo><cntAddress><eMailAdd>opendata@toronto.ca</eMailAdd></cntAddress></rpCntInfo><role><RoleCd value='005'></RoleCd></role></idPoC></dataIdInfo><metainfo><D>99</D><langmeta>en</langmeta></metainfo><distinfo></distinfo><spdoinfo><ptvctinf><esriterm><efeatyp>Feature Class</efeatyp><efeageom>Polygon</efeageom></esriterm></ptvctinf></spdoinfo><mdContact><rpOrgName>Geospatial Competency Centre</rpOrgName><rpIndName>.</rpIndName><rpCntInfo><cntAddress><city>Toronto</city><delPoint>18 Dyas Rd,  3rd Floor</delPoint><eMailAdd>gcc@toronto.ca</eMailAdd><postCode>M3B 1V5</postCode><adminArea>ON</adminArea></cntAddress><cntPhone><voiceNum>416-392-2506</voiceNum><faxNum>416-397-4900</faxNum></cntPhone></rpCntInfo><rpPosName>.</rpPosName></mdContact><eainfo><detailed><enttyp><enttypt>Feature Class</enttypt><enttypl>CITYGCS.ZBL_ROOMINGHOUSE</enttypl><enttypc>532</enttypc></enttyp><attr><attrlabl>OBJECTID</attrlabl><attalias>OBJECTID</attalias><attrtype>NUMBER</attrtype><attwidth>22</attwidth><attrdef>B-3</attrdef></attr><attr><attrlabl>RMH_AREA</attrlabl><attalias>RMH_AREA</attalias><attrtype>VARCHAR2</attrtype><attwidth>10</attwidth><attrdef>Chap150_25</attrdef></attr><attr><attrlabl>RMG_HS_NO</attrlabl><attalias>RMG_HS_NO</attalias><attrtype>NUMBER</attrtype><attwidth>22</attwidth></attr><attr><attrlabl>RMG_STRING</attrlabl><attalias>RMG_STRING</attalias><attrtype>VARCHAR2</attrtype><attwidth>255</attwidth><attrdef>Unique system identifier</attrdef></attr><attr><attrlabl>CHAP150_25</attrlabl><attalias>CHAP150_25</attalias><attrtype>VARCHAR2</attrtype><attwidth>60</attwidth><attrdef>B</attrdef></attr><attr><attrlabl>SHAPE</attrlabl><attalias>SHAPE</attalias><attrtype>SDO_GEOMETRY</attrtype><attwidth>64</attwidth><attrdomv><udom>3</udom></attrdomv></attr></detailed></eainfo><spatRepInfo><VectSpatRep><geometObjs><geoObjCnt>532</geoObjCnt></geometObjs></VectSpatRep></spatRepInfo></metadata>